name,company,year,Price,kms_driven,fuel_type
Maruti 800 AC,Maruti,2007,60000,70000,Petrol
Maruti Wagon R LXI Minor,Maruti,2007,135000,50000,Petrol
Hyundai Verna 1.6 SX,Hyundai,2012,600000,100000,Diesel
Datsun RediGO T Option,Datsun,2017,250000,46000,Petrol
Honda Amaze VX i-DTEC,Honda,2014,450000,141000,Diesel
Maruti Alto LX BSIII,Maruti,2007,140000,125000,Petrol
Hyundai Xcent 1.2 Kappa S,Hyundai,2016,550000,25000,Petrol
Tata Indigo Grand Petrol,Tata,2014,240000,60000,Petrol
Hyundai Creta 1.6 VTVT S,Hyundai,2015,850000,25000,Petrol
Maruti Celerio Green VXI,Maruti,2017,365000,78000,CNG
Chevrolet Sail 1.2 Base,Chevrolet,2015,260000,35000,Petrol
Tata Indigo Grand Petrol,Tata,2014,250000,100000,Petrol
Toyota Corolla Altis 1.8 VL CVT,Toyota,2018,1650000,25000,Petrol
Maruti 800 AC,Maruti,2007,60000,70000,Petrol
Maruti Wagon R LXI Minor,Maruti,2007,135000,50000,Petrol
Hyundai Verna 1.6 SX,Hyundai,2012,600000,100000,Diesel
Datsun RediGO T Option,Datsun,2017,250000,46000,Petrol
Honda Amaze VX i-DTEC,Honda,2014,450000,141000,Diesel
Maruti Alto LX BSIII,Maruti,2007,140000,125000,Petrol
Hyundai Xcent 1.2 Kappa S,Hyundai,2016,550000,25000,Petrol
Tata Indigo Grand Petrol,Tata,2014,240000,60000,Petrol
Hyundai Creta 1.6 VTVT S,Hyundai,2015,850000,25000,Petrol
Maruti Celerio Green VXI,Maruti,2017,365000,78000,CNG
Chevrolet Sail 1.2 Base,Chevrolet,2015,260000,35000,Petrol
Tata Indigo Grand Petrol,Tata,2014,250000,100000,Petrol
Toyota Corolla Altis 1.8 VL CVT,Toyota,2018,1650000,25000,Petrol
Maruti Ciaz VXi Plus,Maruti,2015,585000,24000,Petrol
Hyundai Venue SX Opt Diesel,Hyundai,2019,1195000,5000,Diesel
Chevrolet Enjoy TCDi LTZ 7 Seater,Chevrolet,2013,390000,33000,Diesel
Jaguar XF 2.2 Litre Luxury,Jaguar,2014,1964999,28000,Diesel
Mercedes-Benz New C-Class 220 CDI AT,Mercedes-Benz,2013,1425000,59000,Diesel
Maruti Vitara Brezza ZDi Plus AMT,Maruti,2018,975000,4500,Diesel
Audi Q5 2.0 TDI,Audi,2011,1190000,175900,Diesel
Honda City V MT,Honda,2018,930000,14500,Petrol
Tata Tigor 1.2 Revotron XT,Tata,2018,525000,15000,Petrol
Audi A6 2.0 TDI  Design Edition,Audi,2013,1735000,50000,Diesel
Mercedes-Benz New C-Class C 220 CDI Avantgarde,Mercedes-Benz,2012,1375000,33800,Diesel
Skoda Superb Ambition 2.0 TDI CR AT,Skoda,2011,450000,130400,Diesel
Toyota Corolla Altis G AT,Toyota,2016,900000,50000,Petrol
Toyota Innova 2.5 G (Diesel) 7 Seater,Toyota,2015,1300000,80000,Diesel
Jeep Compass 1.4 Sport Plus BSIV,Jeep,2019,1400000,10000,Petrol
Mercedes-Benz E-Class E 200 CGI Elegance,Mercedes-Benz,2010,850000,119000,Petrol
Hyundai i10 Magna 1.1L,Hyundai,2014,229999,60000,Petrol
BMW 3 Series 320d Sport Line,BMW,2013,1550000,75800,Diesel
Audi Q7 35 TDI Quattro Premium,Audi,2009,1250000,78000,Diesel
Hyundai Elantra CRDi S,Hyundai,2012,625000,40000,Diesel
Mahindra Scorpio 1.99 S10,Mahindra,2014,1050000,50000,Diesel
Honda City i DTEC V,Honda,2014,560000,74000,Diesel
Maruti Wagon R VXI BS IV with ABS,Maruti,2014,290000,64000,Petrol
Maruti Wagon R VXI BS IV,Maruti,2012,275000,60000,Petrol
Mahindra Scorpio LX,Mahindra,2009,411000,120000,Diesel
Hyundai Santro Xing GLS,Hyundai,2009,150000,79000,Petrol
Hyundai Grand i10 1.2 Kappa Asta,Hyundai,2019,500000,15000,Petrol
Maruti Alto LXi,Maruti,2006,100000,80000,Petrol
Maruti Swift Dzire VDI Optional,Maruti,2017,725000,18500,Diesel
Maruti Eeco 5 Seater AC BSIV,Maruti,2018,401000,10200,Petrol
Hyundai i20 Sportz 1.4 CRDi,Hyundai,2018,750000,29000,Diesel
Maruti Omni Maruti Omni MPI STD BSIII 5-STR W/ IMMOBILISER,Maruti,2018,310000,28000,Petrol
Maruti Swift ZDi BSIV,Maruti,2016,665000,46000,Diesel
Hyundai i20 2015-2017 Sportz Option 1.4 CRDi,Hyundai,2014,465000,70000,Diesel
Maruti Alto LXi,Maruti,2012,160000,60000,Petrol
Mahindra Jeep CL 500 MDI,Mahindra,1996,250000,35000,Diesel
Honda City i DTEC VX,Honda,2014,675000,90000,Diesel
Maruti Wagon R VXI BS IV,Maruti,2013,300000,80000,Petrol
Tata Indica DLS,Tata,2005,70000,80000,Diesel
Hyundai EON Magna Plus,Hyundai,2014,240000,73300,Petrol
Toyota Etios GD,Toyota,2014,525000,92000,Diesel
Maruti Alto LXi,Maruti,2009,151000,66764,Petrol
Maruti Alto LXi,Maruti,2009,140000,100000,Petrol
Chevrolet Tavera Neo LS B3 - 7(C) seats BSIII,Chevrolet,2010,280000,350000,Diesel
Toyota Corolla Altis Diesel D4DG,Toyota,2011,350000,230000,Diesel
Mahindra Scorpio 1.99 S6 Plus,Mahindra,2017,570000,60000,Diesel
Hyundai EON Magna Plus,Hyundai,2018,300000,31000,Petrol
Tata Indigo Classic Dicor,Tata,2007,100000,39000,Diesel
Toyota Innova 2.5 V Diesel 8-seater,Toyota,2009,500000,120000,Diesel
Tata Indica Vista Quadrajet LS,Tata,2014,125000,166000,Diesel
Maruti Swift 1.3 VXi,Maruti,2006,130000,110000,Petrol
Ford EcoSport 1.5 Diesel Titanium BSIV,Ford,2017,925000,35000,Diesel
Maruti Ciaz 1.3 Delta,Maruti,2018,750000,60000,Diesel
Honda Civic 1.8 V AT,Honda,2007,200000,54000,Petrol
Hyundai i10 Sportz 1.2,Hyundai,2010,248000,63000,Petrol
Skoda Rapid 1.5 TDI Elegance,Skoda,2014,450000,120000,Diesel
Hyundai Getz GLS,Hyundai,2005,80000,120000,Petrol
Nissan Terrano XL,Nissan,2014,650000,76000,Petrol
Hyundai Grand i10 CRDi Sportz,Hyundai,2015,450000,80000,Diesel
Hyundai Elite i20 Diesel Era,Hyundai,2019,650000,25000,Diesel
Honda Amaze S i-VTEC,Honda,2016,495000,11958,Petrol
Honda Brio S MT,Honda,2015,371000,20000,Petrol
Hyundai Creta 1.6 SX Option,Hyundai,2017,1025000,9000,Petrol
Mercedes-Benz S-Class S 350d Connoisseurs Edition,Mercedes-Benz,2017,8150000,6500,Diesel
Mahindra XUV500 W8 2WD,Mahindra,2015,750000,70000,Diesel
Renault Duster 85PS Diesel RxL Optional,Renault,2013,600000,120000,Diesel
Hyundai Santro Xing XO,Hyundai,2007,80000,58000,Petrol
Mahindra Bolero 2011-2019 SLE,Mahindra,2013,325000,62200,Diesel
Audi A6 2.0 TDI Premium Plus,Audi,2014,1470000,34000,Diesel
Fiat Avventura MULTIJET Emotion,Fiat,2015,350000,53000,Diesel
Audi A8 4.2 TDI,Audi,2013,2800000,49000,Diesel
Datsun RediGO 1.0 S,Datsun,2017,210000,15000,Petrol
Volkswagen Jetta 1.4 TSI Comfortline,Volkswagen,2013,450000,50000,Petrol
Audi A4 2.0 TDI 177 Bhp Premium Plus,Audi,2013,1150000,53000,Diesel
Honda Civic 1.8 V AT,Honda,2009,210000,63500,Petrol
Mercedes-Benz E-Class Exclusive E 200 BSIV,Mercedes-Benz,2018,4500000,9800,Petrol
BMW X1 sDrive 20d xLine,BMW,2017,2750000,13000,Diesel
Volvo V40 D3 R Design,Volvo,2018,1975000,21000,Diesel
Maruti SX4 Zxi BSIII,Maruti,2008,175000,29173,Petrol
BMW 7 Series 730Ld,BMW,2012,2500000,48000,Diesel
Mahindra Bolero Power Plus SLX,Mahindra,2017,628000,120000,Diesel
Hyundai Sonata CRDi M/T,Hyundai,2010,600000,100000,Diesel
Nissan Micra Active XV Petrol,Nissan,2017,399000,30000,Petrol
Mahindra Xylo D4,Mahindra,2018,750000,87000,Diesel
Hyundai Elite i20 Sportz Plus Dual Tone BSIV,Hyundai,2019,750000,15000,Petrol
Renault KWID RXT,Renault,2017,315000,16000,Petrol
Mahindra Xylo E4 BS III,Mahindra,2012,600000,60000,Diesel
Maruti Wagon R LXI Minor,Maruti,2010,100000,60000,Petrol
Maruti SX4 ZXI MT BSIV,Maruti,2011,250000,110000,Petrol
Renault KWID RXT,Renault,2017,350000,25000,Petrol
Hyundai Creta 1.4 CRDi S,Hyundai,2016,780000,60000,Diesel
Maruti Swift Dzire VDI,Maruti,2014,434000,79350,Diesel
Hyundai Verna 1.6 VTVT AT S Option,Hyundai,2016,690000,80000,Petrol
Mahindra Scorpio LX BSIV,Mahindra,2014,555000,90000,Diesel
Maruti SX4 Vxi BSIII,Maruti,2007,120000,90000,Petrol
Maruti Ertiga VDI,Maruti,2014,500000,120000,Diesel
Chevrolet Beat Diesel,Chevrolet,2013,165000,60000,Diesel
Maruti Zen LX,Maruti,2004,95000,50000,Petrol
Maruti Baleno Delta 1.2,Maruti,2018,550000,20000,Petrol
Maruti Swift Vdi BSIII,Maruti,2007,100000,110000,Diesel
Tata Nano Lx BSIV,Tata,2012,100000,50000,Petrol
Toyota Innova 2.5 GX (Diesel) 8 Seater,Toyota,2012,500000,100000,Diesel
Maruti Ertiga SHVS VDI,Maruti,2016,800000,70000,Diesel
Hyundai Creta 1.6 CRDi SX,Hyundai,2016,840000,70000,Diesel
Honda Amaze S i-Vtech,Honda,2016,490000,50000,Petrol
Tata Indica Vista Aqua 1.4 TDI,Tata,2010,125000,81000,Diesel
Chevrolet Tavera Neo 2 LS B4 7 Str BSIII,Chevrolet,2012,400000,120000,Diesel
Chevrolet Cruze LTZ,Chevrolet,2015,1000000,3600,Diesel
Ford Figo Aspire 1.2 Ti-VCT Titanium Plus,Ford,2015,530000,14272,Petrol
Ford EcoSport 1.5 Diesel Titanium Plus BSIV,Ford,2017,840000,49213,Diesel
Hyundai i10 Sportz 1.1L,Hyundai,2015,229999,40000,Petrol
Maruti 800 Std,Maruti,1998,40000,40000,Petrol
Chevrolet Spark 1.0 LS,Chevrolet,2012,130000,80000,Petrol
Hyundai EON Era Plus,Hyundai,2015,200000,70000,Petrol
Tata Indica Vista Aqua TDI BSIII,Tata,2011,120000,70000,Diesel
Hyundai Santro LP zipPlus,Hyundai,2003,75000,57000,Petrol
Tata Bolt Quadrajet XE,Tata,2016,250000,120000,Diesel
Maruti 800 AC BSIII,Maruti,2005,100000,30000,Petrol
Hyundai EON Era Plus,Hyundai,2013,280000,3240,Petrol
Hyundai i20 Magna 1.2,Hyundai,2015,540000,5000,Petrol
Hyundai i20 1.2 Asta,Hyundai,2018,700000,10000,Petrol
Maruti Ciaz VDi Plus,Maruti,2015,525000,100000,Diesel
Hyundai i20 Asta 1.4 CRDi,Hyundai,2016,430000,80000,Diesel
Hyundai Santro LE,Hyundai,2002,65000,70000,Petrol
Maruti Vitara Brezza VDi,Maruti,2018,800000,35000,Diesel
Hyundai Santro Xing XL eRLX Euro III,Hyundai,2007,75000,114000,Petrol
Hyundai Getz 1.3 GLS,Hyundai,2008,210000,53772,Petrol
Mahindra Quanto C8,Mahindra,2012,195000,140000,Diesel
Chevrolet Tavera Neo 3 LS 7 C BSIII,Chevrolet,2015,400000,120000,Diesel
Hyundai EON Magna Plus,Hyundai,2012,170000,60000,Petrol
Renault KWID RXT,Renault,2016,225000,25000,Petrol
Maruti Wagon R DUO LPG,Maruti,2014,210000,90000,LPG
Maruti Wagon R LXI,Maruti,2020,240000,120000,Petrol
Chevrolet Enjoy 1.3 TCDi LS 8,Chevrolet,2015,300000,175000,Diesel
Chevrolet Spark 1.0 LS,Chevrolet,2011,99000,100000,Petrol
Honda City i VTEC SV,Honda,2014,620000,36000,Petrol
Honda Amaze VX i-DTEC,Honda,2013,500000,30000,Diesel
Jaguar XJ 5.0 L V8 Supercharged,Jaguar,2010,2550000,40000,Petrol
Honda Brio E MT,Honda,2013,260000,70000,Petrol
Maruti Swift VVT ZXI,Maruti,2017,550000,60000,Petrol
Tata Indigo CR4,Tata,2011,150000,155500,Diesel
Hyundai i10 Asta AT,Hyundai,2011,350000,50000,Petrol
Chevrolet Beat LT,Chevrolet,2016,320000,40000,Petrol
Maruti Swift VDI BSIV,Maruti,2015,400000,100000,Diesel
Maruti Alto LXi,Maruti,2012,175000,80000,Petrol
Chevrolet Beat LT,Chevrolet,2011,120000,90000,Petrol
Renault Duster 110PS Diesel RxZ,Renault,2013,320000,90000,Diesel
Hyundai Santro Xing XG,Hyundai,2006,70000,110000,Petrol
Maruti Swift Dzire ZXI Plus,Maruti,2019,810000,15000,Petrol
Maruti 800 AC,Maruti,2007,95000,100000,Petrol
Maruti Alto K10 LXI CNG,Maruti,2020,282000,40000,CNG
Maruti 800 Std BSII,Maruti,2004,80000,60000,Petrol
Tata Nano LX SE,Tata,2013,72000,25000,Petrol
Hyundai i20 Magna 1.2,Hyundai,2016,600000,25000,Petrol
Skoda Rapid 1.6 MPI Ambition With Alloy Wheel,Skoda,2015,640000,23000,Petrol
Maruti Alto K10 VXI,Maruti,2018,380000,22155,Petrol
Maruti Ciaz 1.4 Delta,Maruti,2018,650000,70000,Petrol
Maruti Alto LX,Maruti,2009,150000,60000,Petrol
Hyundai i20 Asta,Hyundai,2009,280000,110000,Petrol
Tata Nexon 1.2 Revotron XM,Tata,2018,430000,30000,Petrol
Mahindra Bolero Power Plus SLX,Mahindra,2019,800000,15000,Diesel
Maruti Zen D,Maruti,2003,75000,100000,Diesel
Volkswagen Vento Celeste 1.5 TDI Highline AT,Volkswagen,2016,650000,70000,Diesel
Maruti Eeco 7 Seater Standard BSIV,Maruti,2017,390000,24000,Petrol
Honda City 1.5 EXI,Honda,2005,100000,120000,Petrol
Mercedes-Benz New C-Class 220 CDI AT,Mercedes-Benz,2013,1500000,35000,Diesel
Maruti SX4 Zxi with Leather BSIII,Maruti,2007,175000,78380,Petrol
Renault Duster 110PS Diesel RxZ,Renault,2012,434999,110000,Diesel
Ford Figo Diesel Titanium,Ford,2010,170000,90000,Diesel
Ford Figo Diesel Titanium,Ford,2011,190000,90000,Diesel
Maruti Swift Dzire VDi,Maruti,2009,250000,150000,Diesel
Mahindra Xylo E4,Mahindra,2009,229999,230000,Diesel
Maruti Esteem Vxi - BSIII,Maruti,2006,140000,70000,Petrol
Maruti Swift VDI BSIV,Maruti,2017,600000,80362,Diesel
Hyundai i20 1.2 Sportz,Hyundai,2012,280000,110000,Petrol
Chevrolet Beat Diesel LT,Chevrolet,2012,150000,60000,Diesel
Chevrolet Cruze LTZ AT,Chevrolet,2015,650000,50000,Diesel
Nissan Micra XL,Nissan,2014,210000,40000,Petrol
BMW 5 Series 520d Luxury Line,BMW,2017,2900000,40000,Diesel
Chevrolet Enjoy 1.3 TCDi LS 8,Chevrolet,2013,425000,20000,Diesel
Hyundai EON Era Plus Option,Hyundai,2014,265000,55000,Petrol
Fiat Linea T Jet Emotion,Fiat,2018,890000,1136,Petrol
Renault Scala RxL,Renault,2013,365000,55000,Petrol
Ford Figo Petrol Titanium,Ford,2014,350000,43000,Petrol
Maruti Ciaz ZDi SHVS,Maruti,2016,685000,60000,Diesel
Skoda Rapid 1.5 TDI Ambition BSIV,Skoda,2018,940000,2650,Diesel
Mahindra XUV500 W6 2WD,Mahindra,2017,1000000,40000,Diesel
Mahindra XUV300 W8 Option,Mahindra,2019,1150000,15000,Petrol
Maruti Ertiga SHVS ZDI,Maruti,2016,450000,115962,Diesel
Nissan Terrano XE D,Nissan,2015,590000,65000,Diesel
Maruti S-Cross Facelift,Maruti,2017,800000,40000,Diesel
Hyundai i20 Magna 1.4 CRDi (Diesel),Hyundai,2012,385000,58000,Diesel
Mercedes-Benz New C-Class C 220 CDI BE Avantgare,Mercedes-Benz,2013,2000000,15000,Diesel
Hyundai EON Era Plus,Hyundai,2012,235000,54000,Petrol
Volkswagen Ameo 1.5 TDI Highline,Volkswagen,2017,640000,56000,Diesel
Maruti Alto LX,Maruti,2006,52000,120000,Petrol
Maruti Omni LPG CARGO BSIII W IMMOBILISER,Maruti,2009,80000,90000,LPG
Maruti Alto LX,Maruti,2012,140000,70000,Petrol
Hyundai Verna i (Petrol),Hyundai,2008,120000,90000,Petrol
Mahindra Renault Logan 1.5 DLS,Mahindra,2008,89999,213000,Diesel
Chevrolet Optra Magnum 2.0 LS BSIII,Chevrolet,2012,180000,120000,Diesel
Mahindra Scorpio S11 BSIV,Mahindra,2017,1500000,20000,Diesel
Hyundai i20 Active 1.2 SX,Hyundai,2017,700000,10000,Petrol
Maruti SX4 Celebration Diesel,Maruti,2012,285000,80000,Diesel
Hyundai Grand i10 Magna,Hyundai,2015,390000,90000,Petrol
Maruti Alto LXi BSIII,Maruti,2008,125000,80000,Petrol
Maruti SX4 Zxi with Leather BSIII,Maruti,2008,225000,60000,Petrol
Hyundai i10 Era,Hyundai,2011,175000,139000,Petrol
Toyota Innova 2.5 V Diesel 7-seater,Toyota,2011,1075000,160000,Diesel
Honda Mobilio V i DTEC,Honda,2014,300000,150000,Diesel
Toyota Innova 2.5 G (Diesel) 7 Seater BS IV,Toyota,2010,700000,163000,Diesel
Tata Indica V2 2001-2011 DLS BSIII,Tata,2009,90000,120000,Diesel
Tata Indica Vista TDI LS,Tata,2011,120000,120000,Diesel
Chevrolet Beat Diesel LS,Chevrolet,2012,220000,100000,Diesel
Tata Zest Quadrajet 1.3 75PS XE,Tata,2015,300000,140000,Diesel
Skoda Fabia 1.2L Diesel Ambiente,Skoda,2010,180000,87000,Diesel
Maruti 800 Std,Maruti,2013,170000,70000,Petrol
Ford Figo Petrol Titanium,Ford,2015,300000,50000,Petrol
Toyota Innova 2.5 VX (Diesel) 8 Seater,Toyota,2014,1050000,70000,Diesel
Honda Mobilio V i DTEC,Honda,2014,300000,150000,Diesel
Hyundai Grand i10 1.2 CRDi Asta,Hyundai,2018,465000,25000,Diesel
Chevrolet Beat Diesel LT,Chevrolet,2011,130000,80000,Diesel
Datsun GO Plus T Option Petrol,Datsun,2018,434999,10000,Petrol
Hyundai Grand i10 1.2 Kappa Asta,Hyundai,2018,500000,32000,Petrol
Maruti Omni MPI STD BSIV,Maruti,2018,200000,10000,Petrol
Maruti Baleno Alpha 1.2,Maruti,2017,625000,52000,Petrol
Ford Fiesta Classic 1.4 SXI Duratorq,Ford,2006,110000,120000,Diesel
Hyundai Elite i20 Asta Option BSIV,Hyundai,2019,800000,11240,Petrol
Hyundai Grand i10 CRDi Magna,Hyundai,2017,490000,66000,Diesel
Maruti Ertiga SHVS ZDI,Maruti,2017,880000,64000,Diesel
Hyundai Santro Xing GL Plus,Hyundai,2013,290000,49000,Petrol
Tata Sumo GX TC 7 Str BSIII,Tata,2006,115999,100000,Diesel
Renault KWID RXT,Renault,2018,360000,26500,Petrol
Maruti 800 AC,Maruti,2002,65000,100000,Petrol
Maruti Vitara Brezza LDi Option,Maruti,2017,685000,72000,Diesel
Honda Jazz S,Honda,2009,300000,50000,Petrol
Hyundai i20 1.4 Sportz,Hyundai,2017,680000,44000,Diesel
Maruti Ertiga SHVS ZDI Plus,Maruti,2017,1000000,60000,Diesel
Tata Sumo SE Plus BSIII,Tata,2002,100000,120000,Diesel
Mahindra Xylo E4,Mahindra,2010,160000,130000,Diesel
Maruti Swift ZDi BSIV,Maruti,2017,450000,70000,Diesel
Maruti Ertiga VXI,Maruti,2014,600000,20000,Petrol
Hyundai i20 1.4 Magna ABS,Hyundai,2009,180000,60000,Diesel
Maruti Alto LXi,Maruti,2007,100000,195000,Petrol
Maruti Alto LXi,Maruti,2010,120000,90000,Petrol
Hyundai Getz GL,Hyundai,2006,130000,80000,Petrol
Maruti Wagon R LX BS IV,Maruti,2011,160000,155000,Petrol
Mahindra Bolero Power Plus SLX,Mahindra,2019,860000,35000,Diesel
Hyundai i20 1.2 Spotz,Hyundai,2018,650000,20000,Petrol
Maruti Wagon R LXI Minor,Maruti,2010,100000,80000,Petrol
Maruti Alto 800 VXI,Maruti,2017,282000,20000,Petrol
Hyundai i20 Asta (o),Hyundai,2009,300000,50000,Petrol
Hyundai i20 Asta,Hyundai,2010,270000,110000,Petrol
Hyundai Verna 1.6 SX CRDi (O),Hyundai,2013,550000,29000,Diesel
Mahindra Xylo D2 BSIV,Mahindra,2013,450000,120000,Diesel
Mahindra Bolero SLX 2WD BSIII,Mahindra,2011,430000,70000,Diesel
Maruti Ertiga VXI ABS,Maruti,2013,350000,40000,Petrol
Honda Brio 1.2 E MT,Honda,2017,350000,20000,Petrol
Toyota Etios Liva G,Toyota,2013,229999,50000,Petrol
Maruti Alto 800 LXI,Maruti,2013,110000,50000,Petrol
Maruti Swift Dzire 1.2 Vxi BSIV,Maruti,2012,395000,49000,Petrol
Mahindra Scorpio VLS AT 2.2 mHAWK,Mahindra,2011,650000,70000,Diesel
Mahindra Bolero SLX,Mahindra,2011,350000,90000,Diesel
Mahindra XUV500 W11 Option AWD,Mahindra,2020,1400000,25000,Diesel
Tata Tiago 1.2 Revotron XZ,Tata,2018,360000,4000,Petrol
Mahindra Marazzo M8 8Str,Mahindra,2018,1300000,10000,Diesel
Renault Duster 110PS Diesel RxL,Renault,2015,800000,15000,Diesel
Hyundai EON Magna Plus,Hyundai,2018,229999,30000,Petrol
Maruti Wagon R VXI,Maruti,2014,315000,41000,Petrol
Chevrolet Spark 1.0 LT,Chevrolet,2012,125000,28000,Petrol
Maruti Baleno Alpha,Maruti,2019,700000,16000,Petrol
Hyundai EON 1.0 Kappa Magna Plus,Hyundai,2015,160000,70000,Petrol
Ford Figo Aspire 1.2 Ti-VCT Trend,Ford,2017,530000,10832,Petrol
Ford Figo Aspire Facelift,Ford,2018,624000,14681,Diesel
Hyundai i10 Era,Hyundai,2009,250000,50000,Petrol
Mahindra Bolero SLX,Mahindra,2016,585000,51000,Diesel
Hyundai Verna 1.4 VTVT,Hyundai,2015,500000,25000,Petrol
Chevrolet Sail 1.2 LT ABS,Chevrolet,2014,350000,30000,Petrol
Honda City i-DTEC SV,Honda,2014,495000,80000,Diesel
Hyundai Grand i10 1.2 Kappa Asta,Hyundai,2017,500000,50000,Petrol
Mahindra Bolero Power Plus Plus AC BSIV PS,Mahindra,2015,430000,200000,Diesel
Hyundai Grand i10 1.2 Kappa Sportz Option,Hyundai,2013,345000,44000,Petrol
Maruti Baleno Sigma 1.2,Maruti,2015,500000,10000,Petrol
Tata Tiago 1.2 Revotron XZ,Tata,2019,425000,19600,Petrol
Maruti Wagon R LXI,Maruti,2005,80000,40000,Petrol
Chevrolet Beat Diesel LS,Chevrolet,2011,106000,50000,Diesel
Maruti A-Star Vxi,Maruti,2009,180000,46730,Petrol
Datsun GO A,Datsun,2015,250000,40000,Petrol
Skoda Yeti Ambition 4WD,Skoda,2011,350000,80000,Diesel
Maruti Zen LXi BSII,Maruti,2002,60000,80000,Petrol
Hyundai Verna CRDi 1.6 EX,Hyundai,2018,900000,24000,Diesel
Ford Aspire Titanium Diesel BSIV,Ford,2017,700000,21170,Diesel
BMW 3 Series 320d Sport,BMW,2013,2000000,167223,Diesel
Maruti Ertiga SHVS ZDI Plus,Maruti,2017,1000000,40000,Diesel
BMW X1 sDrive 20d Exclusive,BMW,2011,1375000,60000,Diesel
Toyota Innova Crysta 2.4 VX MT,Toyota,2016,1800000,141440,Diesel
Chevrolet Tavera Neo 3 10 Seats BSIV,Chevrolet,2007,160000,120000,Diesel
Mitsubishi Outlander 2.4,Mitsubishi,2012,525000,140000,Petrol
Mahindra XUV500 W8 2WD,Mahindra,2012,850000,212814,Diesel
Maruti Baleno Alpha 1.3,Maruti,2019,800000,30000,Diesel
Ford Figo Aspire 1.5 TDCi Titanium,Ford,2017,700000,88635,Diesel
Maruti Swift Dzire VDI,Maruti,2018,800000,25000,Diesel
Hyundai i20 1.2 Spotz,Hyundai,2017,575000,20000,Petrol
Renault Duster 110PS Diesel RxZ,Renault,2012,350000,110000,Diesel
Maruti Swift Vdi BSIII,Maruti,2008,250000,120000,Diesel
Ford Endeavour Titanium 4X2,Ford,2011,600000,149674,Diesel
Mahindra Scorpio 2.6 Turbo 9 Str,Mahindra,2007,370000,100000,Diesel
Maruti Baleno Vxi,Maruti,2006,80000,120000,Petrol
Tata Indica DLX,Tata,2003,50000,120000,Diesel
Hyundai Verna CRDi 1.6 EX,Hyundai,2018,900000,25000,Diesel
Maruti Wagon R VXI BS IV,Maruti,2014,300000,35000,Petrol
Tata Indica LSI,Tata,2002,125000,40000,Petrol
Maruti Swift Dzire VDI,Maruti,2015,490000,60000,Diesel
Toyota Etios Liva GD,Toyota,2012,300000,50000,Diesel
Tata Nano STD,Tata,2013,55000,25000,Petrol
Hyundai Grand i10 Sportz,Hyundai,2016,350000,25000,Petrol
Hyundai Grand i10 1.2 CRDi Asta,Hyundai,2019,755000,8000,Diesel
Maruti Ertiga SHVS VDI,Maruti,2017,720000,60000,Diesel
Mahindra Bolero SLX,Mahindra,2006,229999,200000,Diesel
Mahindra Scorpio S7 140 BSIV,Mahindra,2018,1100000,20000,Diesel
Volkswagen Polo Petrol Comfortline 1.2L,Volkswagen,2013,400000,100000,Petrol
Hyundai Xcent 1.1 CRDi Base,Hyundai,2015,350000,70000,Diesel
Chevrolet Beat Diesel PS,Chevrolet,2012,159000,68000,Diesel
Maruti Swift ZXi BSIV,Maruti,2017,550000,38000,Petrol
Maruti Ritz VDi,Maruti,2013,335000,80000,Diesel
Tata Indigo CS Emax CNG GLX,Tata,2014,185000,72000,CNG
Maruti Eeco 5 STR With AC Plus HTR CNG,Maruti,2012,229999,75000,CNG
Maruti Estilo LXI,Maruti,2014,225000,43000,Petrol
Maruti Swift VXI with ABS,Maruti,2007,250000,120000,Petrol
Tata Zest Quadrajet 1.3 XM,Tata,2015,400000,100000,Diesel
Maruti Swift VDI BSIV,Maruti,2014,470000,163000,Diesel
Maruti Alto K10 VXI AGS Optional,Maruti,2018,300000,25000,Petrol
Maruti Alto LX,Maruti,2011,145000,25000,Petrol
Maruti SX4 Vxi BSIII,Maruti,2007,100000,90000,Petrol
Mahindra Scorpio SLE BSIV,Mahindra,2014,500000,70000,Diesel
Hyundai Santro Xing GLS CNG,Hyundai,2010,130000,98000,CNG
Chevrolet Cruze LTZ,Chevrolet,2010,240000,81925,Diesel
Ford Figo Diesel Celebration Edition,Ford,2013,150000,80000,Diesel
Renault KWID RXT Optional,Renault,2017,270000,40000,Petrol
Maruti Swift Dzire VDI,Maruti,2014,400000,90000,Diesel
Hyundai EON Era Plus,Hyundai,2012,200000,46000,Petrol
Mahindra XUV500 W6 2WD,Mahindra,2012,550000,80000,Diesel
Renault KWID 1.0 RXT Optional,Renault,2018,325000,35000,Petrol
Skoda Rapid 1.5 TDI AT Style BSIV,Skoda,2017,860000,82080,Diesel
Mahindra XUV500 W8 2WD,Mahindra,2012,600000,200000,Diesel
Chevrolet Spark 1.0,Chevrolet,2009,125000,70000,Petrol
Maruti 800 AC,Maruti,2000,60000,40000,Petrol
Chevrolet Tavera Neo 3 10 Seats BSIV,Chevrolet,2010,300000,120000,Diesel
Ford Fiesta 1.6 ZXi Duratec,Ford,2007,190000,60000,Petrol
Maruti Ertiga VDI,Maruti,2013,400000,110000,Diesel
Tata Manza Aura Quadrajet BS IV,Tata,2011,260000,97000,Diesel
Maruti Swift VVT VXI,Maruti,2017,400000,30000,Petrol
Hyundai i20 Sportz Petrol,Hyundai,2010,250000,40000,Petrol
Hyundai Grand i10 1.2 Kappa Asta,Hyundai,2019,600000,10000,Petrol
Maruti Zen Estilo VXI BSIV,Maruti,2010,175000,52047,Petrol
Toyota Innova 2.5 G (Diesel) 8 Seater BS IV,Toyota,2011,450000,200000,Diesel
Tata Tiago 1.2 Revotron XZA,Tata,2019,350000,15000,Petrol
Maruti Vitara Brezza ZDi,Maruti,2018,800000,50000,Diesel
Maruti Swift VXI BSIII,Maruti,2011,250000,70000,Petrol
Maruti Swift VXI BSIV,Maruti,2019,600000,10000,Petrol
Maruti Swift VDI BSIV,Maruti,2017,600000,90000,Diesel
Maruti Alto 800 LXI,Maruti,2016,130000,40000,Petrol
Maruti Wagon R LXI,Maruti,2006,90000,62009,Petrol
Hyundai i20 Active 1.2 S,Hyundai,2017,595000,33100,Petrol
Hyundai EON Era Plus,Hyundai,2014,190000,40000,Petrol
Hyundai Santro GLS I - Euro I,Hyundai,1999,50000,120000,Petrol
Maruti Wagon R LXI Minor,Maruti,2007,95000,80000,Petrol
Tata Safari Storme VX,Tata,2016,1000000,70000,Diesel
Mahindra Scorpio REV 116,Mahindra,2006,220000,220000,Petrol
Mahindra Bolero SLX,Mahindra,2010,400000,50000,Diesel
Datsun GO Plus A,Datsun,2015,315000,45000,Petrol
Toyota Fortuner 4x4 MT,Toyota,2014,1000000,110000,Diesel
Ford Ecosport 1.5 DV5 MT Titanium,Ford,2014,500000,49000,Diesel
Mahindra XUV500 W11 AT BSIV,Mahindra,2018,1600000,35000,Diesel
Mahindra Supro VX 8 Str,Mahindra,2017,500000,160000,Diesel
Maruti Alto LX,Maruti,2007,70000,180000,Petrol
Maruti 800 AC,Maruti,2007,105000,60000,Petrol
Ford Endeavour 2.5L 4X2 MT,Ford,2008,400000,110000,Diesel
Maruti Wagon R LXI,Maruti,2004,80000,60000,Petrol
Maruti Alto 800 VXI,Maruti,2016,300000,30000,Petrol
Mahindra KUV 100 D75 K2,Mahindra,2017,409999,40000,Diesel
Maruti Swift Glam,Maruti,2009,250000,70000,Petrol
Tata New Safari DICOR 2.2 EX 4x2,Tata,2010,250000,120000,Diesel
Maruti Swift Dzire VDI,Maruti,2012,215000,80000,Diesel
Toyota Fortuner 4x4 MT,Toyota,2015,1400000,120000,Diesel
Honda Brio 1.2 VX MT,Honda,2018,475000,20000,Petrol
Honda Brio 1.2 VX MT,Honda,2018,475000,22000,Petrol
Chevrolet Spark 1.0 LS,Chevrolet,2008,75000,35000,Petrol
Chevrolet Sail Hatchback LS ABS,Chevrolet,2013,200000,120000,Diesel
Tata Tiago NRG Petrol,Tata,2019,575000,8000,Petrol
Maruti Ritz VDi,Maruti,2011,150000,40000,Diesel
Maruti Vitara Brezza ZDi Plus,Maruti,2018,850000,10000,Diesel
Hyundai Santro Era,Hyundai,2019,350000,30000,Petrol
Ford Endeavour 2.5L 4X2 MT,Ford,2011,550000,54000,Diesel
Hyundai Verna 1.4 VTVT,Hyundai,2017,330000,80577,Petrol
Honda City i-DTEC V,Honda,2017,1044999,25000,Diesel
Hyundai Verna 1.6 CRDI,Hyundai,2011,300000,127500,Diesel
Hyundai EON D Lite Plus,Hyundai,2015,235000,40903,Petrol
Ford Figo Petrol Titanium,Ford,2011,120000,60000,Petrol
Maruti Wagon R VXI,Maruti,2004,130000,46000,Petrol
Ford Endeavour 4x4 XLT,Ford,2004,275000,22288,Diesel
Volkswagen Jetta 2.0 TDI Trendline,Volkswagen,2011,270000,180000,Diesel
Volkswagen Polo 1.5 TDI Highline,Volkswagen,2015,500000,30000,Diesel
Hyundai Grand i10 Sportz,Hyundai,2015,400000,61690,Petrol
Hyundai i20 Asta 1.2,Hyundai,2015,600000,64484,Petrol
Audi Q5 2.0 TDI,Audi,2012,1350000,90000,Diesel
Renault Duster 85PS Diesel RxE,Renault,2013,400000,75976,Diesel
Ford Figo Diesel Titanium,Ford,2011,220000,70000,Diesel
Honda Brio E MT,Honda,2012,300000,85962,Petrol
Maruti Omni E MPI STD BS IV,Maruti,2018,250000,120000,Petrol
Honda Mobilio V i DTEC,Honda,2015,600000,120000,Diesel
Honda Brio S Option AT,Honda,2012,285000,75000,Petrol
Honda Accord 2.4 MT,Honda,2009,350000,57035,Petrol
Mahindra Bolero SLX,Mahindra,2011,170000,70000,Diesel
Ford Figo 1.2P Ambiente MT,Ford,2015,229999,45000,Petrol
Mahindra XUV500 W6 2WD,Mahindra,2013,500000,72104,Diesel
Tata Nano Lx,Tata,2011,75000,15000,Petrol
Hyundai i20 Active 1.2 SX,Hyundai,2016,600000,30000,Petrol
Tata Indigo LS Dicor,Tata,2011,220000,80000,Diesel
Tata Indica Vista Terra 1.4 TDI,Tata,2009,150000,164000,Diesel
Maruti Alto LX,Maruti,2006,65000,124439,Petrol
Maruti Zen VXI,Maruti,2006,120000,77000,Petrol
Maruti Swift Dzire VDI,Maruti,2014,240000,90000,Diesel
Renault KWID 1.0 RXT Optional,Renault,2017,390000,30000,Petrol
Chevrolet Beat LS,Chevrolet,2012,180000,50000,Petrol
Maruti Swift VDI,Maruti,2012,320000,80000,Diesel
Maruti Alto 800 LXI,Maruti,2018,310000,5000,Petrol
Maruti Wagon R AMT VXI,Maruti,2018,420000,24000,Petrol
Tata Tiago NRG Petrol,Tata,2019,550000,10000,Petrol
Maruti Ertiga SHVS VDI,Maruti,2016,550000,78000,Diesel
Mahindra TUV 300 T4 Plus,Mahindra,2018,760000,50000,Diesel
Maruti 800 AC BSII,Maruti,2001,43000,100000,Petrol
Maruti Omni MPI STD BSIV,Maruti,2018,250000,20000,Petrol
Hyundai Santro Magna BSIV,Hyundai,2019,500000,1250,Petrol
Tata Zest Revotron 1.2 XT,Tata,2015,380000,17152,Petrol
Mahindra XUV500 W11 Option AT AWD,Mahindra,2019,1850000,5000,Diesel
Volkswagen Polo Diesel Trendline 1.2L,Volkswagen,2012,350000,77000,Diesel
Hyundai Verna CRDi,Hyundai,2008,195000,90000,Diesel
Chevrolet Beat LS,Chevrolet,2011,225000,80000,Petrol
Toyota Innova 2.5 G (Diesel) 7 Seater,Toyota,2015,1125000,65000,Diesel
Tata Indica Vista Quadrajet LX,Tata,2011,133000,80000,Diesel
Hyundai EON Era Plus,Hyundai,2013,200000,24005,Petrol
Maruti Vitara Brezza ZDi Plus,Maruti,2018,940000,20000,Diesel
Renault Duster 85PS Diesel RxL,Renault,2014,400000,120000,Diesel
Hyundai i10 Era 1.1,Hyundai,2009,120000,120000,Petrol
Maruti Swift Dzire ZDI,Maruti,2015,625000,80000,Diesel
Maruti Swift 1.3 VXi,Maruti,2005,110000,80000,Petrol
Renault Duster 110PS Diesel RxZ,Renault,2012,490000,100000,Diesel
Maruti Alto LX,Maruti,2009,140000,120000,Petrol
Ford Figo Diesel ZXI,Ford,2011,175000,149000,Diesel
Maruti Wagon R LXI BSIII,Maruti,2005,90000,65000,Petrol
Maruti Swift Ldi BSIV,Maruti,2009,275000,100000,Diesel
Volkswagen Vento Diesel Highline,Volkswagen,2011,300000,65000,Diesel
Datsun GO Plus T Option BSIV,Datsun,2018,270000,19000,Petrol
Chevrolet Beat LT,Chevrolet,2010,130000,80000,Petrol
Maruti Alto K10 VXI Airbag,Maruti,2015,275000,30000,Petrol
Maruti Swift VDI,Maruti,2012,352000,109000,Diesel
Hyundai EON LPG Magna Plus,Hyundai,2012,180000,90000,LPG
Maruti Alto LX,Maruti,2012,150000,90000,Petrol
Volkswagen Vento Diesel Highline,Volkswagen,2011,300000,65000,Diesel
Maruti Swift Vdi BSIII,Maruti,2010,300000,110000,Diesel
Mahindra Bolero DI DX 7 Seater,Mahindra,2007,225000,120000,Diesel
Honda Mobilio V i DTEC,Honda,2014,600000,44000,Diesel
Maruti Ertiga BSIV ZXI,Maruti,2015,500000,80000,Petrol
Honda BR-V i-VTEC S MT,Honda,2018,900000,5000,Petrol
Hyundai i20 Magna 1.2,Hyundai,2016,600000,61000,Petrol
Toyota Etios VD,Toyota,2011,450000,100000,Diesel
Hyundai i10 Era 1.1,Hyundai,2009,270000,27633,Petrol
Maruti Swift Vdi BSIII,Maruti,2010,310000,100000,Diesel
Hyundai Santro Xing GLS LPG,Hyundai,2012,250000,100000,LPG
Ford Figo 1.2P Titanium MT,Ford,2019,700000,12586,Petrol
Fiat Avventura Urban Cross 1.3 Multijet Emotion,Fiat,2018,650000,38083,Diesel
Ford Figo Diesel ZXI,Ford,2012,400000,55328,Diesel
Ford Figo Diesel Titanium,Ford,2012,425000,81632,Diesel
Ford Aspire Titanium Diesel BSIV,Ford,2016,600000,155201,Diesel
Ford EcoSport 1.5 TDCi Titanium BSIV,Ford,2013,600000,93283,Diesel
Maruti Swift Ldi BSIII,Maruti,2009,300000,217871,Diesel
Ford Fiesta Classic 1.4 Duratorq CLXI,Ford,2012,450000,90165,Diesel
Ford Ecosport 1.5 DV5 MT Titanium,Ford,2014,750000,101504,Diesel
Ford Figo Titanium Diesel BSIV,Ford,2010,325000,86017,Diesel
Mahindra XUV500 W8 2WD,Mahindra,2013,900000,85036,Diesel
Ford Ikon 1.3L Rocam Flair,Ford,2006,180000,91086,Petrol
Fiat Punto 1.3 Emotion,Fiat,2013,350000,160254,Diesel
Ford EcoSport 1.5 TDCi Titanium BSIV,Ford,2013,600000,125531,Diesel
Honda WR-V i-DTEC V,Honda,2019,900000,60000,Diesel
Skoda Laura L n K 1.9 PD,Skoda,2006,350000,100000,Diesel
Maruti Ritz LDi,Maruti,2013,280000,90000,Diesel
Mahindra Xylo D2,Mahindra,2009,225000,120000,Diesel
Honda City i DTEC S,Honda,2014,520000,82000,Diesel
Mahindra Scorpio 1.99 S4,Mahindra,2016,509999,60000,Diesel
Maruti Baleno Alpha 1.2,Maruti,2019,556000,24000,Petrol
Tata Indigo Grand Dicor,Tata,2014,225000,120000,Diesel
Honda Amaze EX i-Dtech,Honda,2013,325000,65000,Diesel
Maruti Swift VDI,Maruti,2013,365000,65000,Diesel
Hyundai Creta 1.6 CRDi SX Plus,Hyundai,2015,850000,84000,Diesel
Toyota Etios GD SP,Toyota,2013,350000,75000,Diesel
Maruti Swift VDI,Maruti,2007,225000,50000,Diesel
Maruti Alto LX,Maruti,2011,135000,50000,Petrol
Maruti Wagon R LXI Minor,Maruti,2007,140000,49000,Petrol
Maruti SX4 S Cross DDiS 320 Delta,Maruti,2016,665000,560000,Diesel
Renault KWID RXT,Renault,2015,275000,14365,Petrol
Toyota Fortuner 2.8 4WD AT BSIV,Toyota,2017,2750000,41000,Diesel
Hyundai Verna 1.6 SX,Hyundai,2013,484999,65000,Diesel
Maruti Ciaz VDi Option SHVS,Maruti,2015,565000,65000,Diesel
Maruti Swift Dzire VDI,Maruti,2013,425000,61083,Diesel
Toyota Innova 2.5 VX (Diesel) 8 Seater,Toyota,2013,925000,75000,Diesel
Mahindra Scorpio VLX 2WD AIRBAG SE BSIV,Mahindra,2012,565000,72000,Diesel
Renault Duster 110PS Diesel RxL,Renault,2014,525000,65000,Diesel
Hyundai Tucson 2.0 e-VGT 2WD MT,Hyundai,2017,1650000,55000,Diesel
Hyundai EON Era Plus,Hyundai,2015,295000,21000,Petrol
Jaguar XF 5.0 Litre V8 Petrol,Jaguar,2012,2050000,66363,Petrol
Hyundai Creta 1.6 VTVT AT SX Plus,Hyundai,2018,1475000,11700,Petrol
Hyundai Verna VTVT 1.6 AT SX Option,Hyundai,2017,1100000,10000,Petrol
Mercedes-Benz GL-Class 350 CDI Blue Efficiency,Mercedes-Benz,2014,4400000,100000,Diesel
Maruti Swift ZXI BSIV,Maruti,2016,670000,7104,Petrol
Maruti S-Cross Zeta DDiS 200 SH,Maruti,2015,750000,45974,Diesel
Hyundai Verna 1.6 VTVT SX,Hyundai,2015,760000,55340,Petrol
Volkswagen Polo GTI,Volkswagen,2017,850000,20000,Petrol
Renault Pulse RxL,Renault,2015,390000,61585,Diesel
Maruti Celerio VXI AMT BSIV,Maruti,2016,450000,39415,Petrol
Honda Brio V MT,Honda,2014,425000,29654,Petrol
Maruti Baleno Alpha 1.3,Maruti,2016,770000,64672,Diesel
Hyundai Creta 1.6 SX Automatic Diesel,Hyundai,2015,1150000,54634,Diesel
Honda City i VTEC V,Honda,2015,775000,66521,Petrol
Toyota Innova Crysta 2.4 GX AT,Toyota,2018,1725000,23974,Diesel
BMW 3 Series 320d Luxury Line,BMW,2016,2150000,43000,Diesel
Renault Duster 85PS Diesel RxL,Renault,2013,450000,1000,Diesel
Mercedes-Benz C-Class Progressive C 220d,Mercedes-Benz,2018,3800000,10000,Diesel
Audi A4 3.0 TDI Quattro,Audi,2013,1580000,86000,Diesel
BMW X5 xDrive 30d xLine,BMW,2019,4950000,30000,Diesel
Hyundai Creta 1.6 CRDi SX,Hyundai,2016,535000,52600,Diesel
Maruti SX4 Vxi BSIV,Maruti,2012,225000,110000,Petrol
Hyundai Grand i10 1.2 Kappa Magna AT,Hyundai,2017,550000,19890,Petrol
Maruti Swift ZXI BSIV,Maruti,2016,670000,7104,Petrol
Maruti Ertiga VXI,Maruti,2015,625000,11918,Petrol
Hyundai Grand i10 Magna AT,Hyundai,2017,520000,10510,Petrol
Chevrolet Beat LT Option,Chevrolet,2016,239000,41000,Petrol
Toyota Fortuner 4x2 AT,Toyota,2017,2600000,47162,Diesel
Maruti S-Cross Zeta DDiS 200 SH,Maruti,2015,750000,45974,Diesel
Hyundai i10 Magna,Hyundai,2012,229999,49824,Petrol
Audi A6 2.0 TDI Premium Plus,Audi,2013,1300000,58500,Diesel
Hyundai Santro GS,Hyundai,2005,80000,56580,Petrol
Skoda Laura Ambiente 2.0 TDI CR MT,Skoda,2012,385000,52000,Diesel
Hyundai Verna 1.6 VTVT SX,Hyundai,2015,760000,55340,Petrol
Maruti Swift Dzire VDI,Maruti,2017,600000,46507,Diesel
Renault Duster 85PS Diesel RxL,Renault,2013,450000,1000,Diesel
Mercedes-Benz C-Class Progressive C 220d,Mercedes-Benz,2018,3800000,10000,Diesel
Audi A4 3.0 TDI Quattro,Audi,2013,1580000,86000,Diesel
BMW X5 xDrive 30d xLine,BMW,2019,4950000,30000,Diesel
Hyundai Creta 1.6 CRDi SX,Hyundai,2016,535000,52600,Diesel
Maruti SX4 Vxi BSIV,Maruti,2012,225000,110000,Petrol
Hyundai Grand i10 1.2 Kappa Magna AT,Hyundai,2017,550000,19890,Petrol
Maruti Swift ZXI BSIV,Maruti,2016,670000,7104,Petrol
Maruti Ertiga VXI,Maruti,2015,625000,11918,Petrol
Hyundai Grand i10 Magna AT,Hyundai,2017,520000,10510,Petrol
Chevrolet Beat LT Option,Chevrolet,2016,239000,41000,Petrol
Toyota Fortuner 4x2 AT,Toyota,2017,2600000,47162,Diesel
Maruti S-Cross Zeta DDiS 200 SH,Maruti,2015,750000,45974,Diesel
Hyundai i10 Magna,Hyundai,2012,229999,49824,Petrol
Audi A6 2.0 TDI Premium Plus,Audi,2013,1300000,58500,Diesel
Hyundai Santro GS,Hyundai,2005,80000,56580,Petrol
Skoda Laura Ambiente 2.0 TDI CR MT,Skoda,2012,385000,52000,Diesel
Hyundai Verna 1.6 VTVT SX,Hyundai,2015,760000,55340,Petrol
Maruti Swift Dzire VDI,Maruti,2017,600000,46507,Diesel
Renault Duster 85PS Diesel RxL,Renault,2013,450000,1000,Diesel
Mercedes-Benz C-Class Progressive C 220d,Mercedes-Benz,2018,3800000,10000,Diesel
Audi A4 3.0 TDI Quattro,Audi,2013,1580000,86000,Diesel
BMW X5 xDrive 30d xLine,BMW,2019,4950000,30000,Diesel
Hyundai Creta 1.6 CRDi SX,Hyundai,2016,535000,52600,Diesel
Maruti SX4 Vxi BSIV,Maruti,2012,225000,110000,Petrol
Hyundai Grand i10 1.2 Kappa Magna AT,Hyundai,2017,550000,19890,Petrol
Maruti Swift ZXI BSIV,Maruti,2016,670000,7104,Petrol
Maruti Ertiga VXI,Maruti,2015,625000,11918,Petrol
Hyundai Grand i10 Magna AT,Hyundai,2017,520000,10510,Petrol
Chevrolet Beat LT Option,Chevrolet,2016,239000,41000,Petrol
Toyota Fortuner 4x2 AT,Toyota,2017,2600000,47162,Diesel
Maruti S-Cross Zeta DDiS 200 SH,Maruti,2015,750000,45974,Diesel
Hyundai i10 Magna,Hyundai,2012,229999,49824,Petrol
Audi A6 2.0 TDI Premium Plus,Audi,2013,1300000,58500,Diesel
Hyundai Santro GS,Hyundai,2005,80000,56580,Petrol
Skoda Laura Ambiente 2.0 TDI CR MT,Skoda,2012,385000,52000,Diesel
Hyundai Verna 1.6 VTVT SX,Hyundai,2015,760000,55340,Petrol
Maruti Swift Dzire VDI,Maruti,2017,600000,46507,Diesel
Renault Duster 85PS Diesel RxL,Renault,2013,450000,1000,Diesel
Mercedes-Benz C-Class Progressive C 220d,Mercedes-Benz,2018,3800000,10000,Diesel
Audi A4 3.0 TDI Quattro,Audi,2013,1580000,86000,Diesel
BMW X5 xDrive 30d xLine,BMW,2019,4950000,30000,Diesel
Hyundai Creta 1.6 CRDi SX,Hyundai,2016,535000,52600,Diesel
Maruti SX4 Vxi BSIV,Maruti,2012,225000,110000,Petrol
Hyundai Grand i10 1.2 Kappa Magna AT,Hyundai,2017,550000,19890,Petrol
Maruti Swift ZXI BSIV,Maruti,2016,670000,7104,Petrol
Maruti Ertiga VXI,Maruti,2015,625000,11918,Petrol
Hyundai Grand i10 Magna AT,Hyundai,2017,520000,10510,Petrol
Chevrolet Beat LT Option,Chevrolet,2016,239000,41000,Petrol
Toyota Fortuner 4x2 AT,Toyota,2017,2600000,47162,Diesel
Maruti S-Cross Zeta DDiS 200 SH,Maruti,2015,750000,45974,Diesel
Hyundai i10 Magna,Hyundai,2012,229999,49824,Petrol
Audi A6 2.0 TDI Premium Plus,Audi,2013,1300000,58500,Diesel
Hyundai Santro GS,Hyundai,2005,80000,56580,Petrol
Skoda Laura Ambiente 2.0 TDI CR MT,Skoda,2012,385000,52000,Diesel
Hyundai Verna 1.6 VTVT SX,Hyundai,2015,760000,55340,Petrol
Maruti Swift Dzire VDI,Maruti,2017,600000,46507,Diesel
Hyundai i20 Sportz 1.2,Hyundai,2013,350000,50000,Petrol
Maruti Alto 800 LXI,Maruti,2014,114999,30000,Petrol
Hyundai i20 Sportz 1.2,Hyundai,2013,380000,50000,Petrol
Maruti Gypsy E ST,Maruti,1995,95000,100000,Petrol
Mahindra Scorpio 1.99 S6 Plus,Mahindra,2016,900000,35000,Diesel
Chevrolet Beat LT,Chevrolet,2012,200999,90000,Petrol
Maruti Omni E MPI STD BS IV,Maruti,2014,229999,11451,Petrol
Tata Nexon 1.5 Revotorq XZ,Tata,2019,800000,60000,Diesel
Mahindra Verito 1.5 D4 BSIV,Mahindra,2012,150000,172000,Diesel
Maruti Swift VDI,Maruti,2018,600000,60000,Diesel
Chevrolet Tavera LS B3 7 Seats BSII,Chevrolet,2005,150000,150000,Diesel
Chevrolet Optra Magnum 2.0 LS,Chevrolet,2009,150000,66000,Diesel
Maruti Eeco 5 Seater Standard BSIV,Maruti,2019,380000,5000,Petrol
Maruti Swift 1.3 VXi,Maruti,2006,80000,66508,Petrol
Honda Civic 1.8 MT Sport,Honda,2007,225000,55000,Petrol
Tata Nano Lx BSIV,Tata,2012,75000,29900,Petrol
Tata Hexa XT 4X4,Tata,2017,1600000,3000,Diesel
Tata Indica Vista Quadrajet VX,Tata,2012,185000,85000,Diesel
Mahindra Scorpio 2.6 CRDe SLE,Mahindra,2011,425000,50000,Diesel
Tata Indica Vista Aqua 1.4 TDI,Tata,2010,100000,120000,Diesel
Maruti Zen Estilo LXI BSIII,Maruti,2008,140000,90000,Petrol
Maruti Swift Dzire AMT ZXI Plus BS IV,Maruti,2017,710000,8000,Petrol
Honda Amaze S AT i-Vtech,Honda,2015,450000,7900,Petrol
Datsun RediGO T Option,Datsun,2017,210000,50000,Petrol
Maruti Alto K10 VXI,Maruti,2016,270000,25000,Petrol
Maruti Alto LXi,Maruti,2009,110000,20000,Petrol
Maruti Swift VXI,Maruti,2018,540000,17500,Petrol
Mahindra Renault Logan 1.4 GLX Petrol,Mahindra,2008,145000,25000,Petrol
Tata Safari Storme VX,Tata,2013,360000,206500,Diesel
Hyundai i10 Magna LPG,Hyundai,2013,250000,88600,LPG
Tata Venture EX,Tata,2012,110000,80000,Diesel
Chevrolet Captiva LT,Chevrolet,2008,250000,100000,Diesel
Ford Fiesta Classic 1.4 Duratorq CLXI,Ford,2011,150000,186000,Diesel
Chevrolet Aveo U-VA 1.2 LS,Chevrolet,2010,140000,60000,Petrol
Maruti Ciaz Zeta BSIV,Maruti,2019,925000,11000,Petrol
Tata Hexa XM,Tata,2017,969999,30000,Diesel
Hyundai Santro Xing GL PLUS CNG,Hyundai,2007,90000,80000,CNG
Hyundai Santro GLS I - Euro I,Hyundai,2001,55000,60000,Petrol
Hyundai Verna CRDi,Hyundai,2007,155000,100000,Diesel
Mahindra Thar CRDe ABS,Mahindra,2019,900000,15000,Diesel
Maruti Alto K10 2010-2014 VXI,Maruti,2011,135000,90000,Petrol
Maruti 800 AC,Maruti,2012,180000,120000,Petrol
Hyundai Verna 1.6 SX,Hyundai,2013,495000,100000,Diesel
Toyota Innova 2.5 V Diesel 8-seater,Toyota,2009,400000,138000,Diesel
Hyundai Verna CRDi,Hyundai,2008,250000,110000,Diesel
Maruti Alto K10 LXI,Maruti,2015,138000,120000,Petrol
Honda City 1.5 V AT,Honda,2011,311000,70000,Petrol
Maruti Alto 800 VXI,Maruti,2015,190000,70000,Petrol
Mahindra Bolero SLX,Mahindra,2011,311000,140000,Diesel
Maruti Ritz LXI,Maruti,2009,300000,15000,Petrol
Honda Jazz VX,Honda,2018,600000,20000,Petrol
Mahindra Scorpio SLE BSIII,Mahindra,2009,550000,100000,Diesel
Skoda Rapid 1.6 MPI AT Elegance Plus,Skoda,2015,600000,70000,Petrol
Maruti Alto 800 VXI,Maruti,2018,195000,5000,Petrol
Tata Nano LX,Tata,2013,58000,27974,Petrol
Maruti Alto 800 VXI,Maruti,2018,183000,40000,Petrol
Maruti Zen Estilo 1.1 VXI BSIII,Maruti,2007,95000,80000,Petrol
Maruti Wagon R LX Minor,Maruti,2013,250000,38000,Petrol
Maruti Wagon R LX Minor,Maruti,2013,250000,38000,Petrol
Tata Zest Revotron 1.2 XT,Tata,2014,400000,35000,Petrol
Hyundai Verna 1.6 SX CRDi (O),Hyundai,2012,409999,60000,Diesel
Skoda Octavia Classic 1.9 TDI MT,Skoda,2004,120000,120000,Diesel
Maruti Swift AMT VXI,Maruti,2018,600000,18000,Petrol
Honda Amaze SX i-VTEC,Honda,2016,600000,10000,Petrol
Mahindra XUV500 W6 2WD,Mahindra,2015,825000,90000,Diesel
Toyota Etios GD,Toyota,2016,625000,80000,Diesel
Hyundai Grand i10 Nios Magna CRDi,Hyundai,2020,700000,1400,Diesel
Chevrolet Beat LS,Chevrolet,2011,160000,60000,Petrol
Maruti Alto LX,Maruti,2011,114999,60000,Petrol
Maruti Wagon R LXI Minor,Maruti,2009,150000,53000,Petrol
Volkswagen Jetta 1.9 L TDI,Volkswagen,2010,250000,100000,Diesel
Hyundai Verna 1.6 SX,Hyundai,2012,390000,86000,Diesel
Renault Duster 85PS Diesel RxL,Renault,2015,650000,100000,Diesel
Hyundai Xcent 1.1 CRDi SX Option,Hyundai,2016,600000,30000,Diesel
Hyundai i20 1.2 Sportz,Hyundai,2011,250000,120000,Petrol
Hyundai Santro Xing GL Plus LPG,Hyundai,2011,229999,60000,LPG
Maruti Ritz LDi,Maruti,2016,299000,50000,Diesel
Chevrolet Cruze LTZ,Chevrolet,2010,330000,124000,Diesel
Hyundai Accent Executive,Hyundai,2012,180000,100000,Petrol
Hyundai Grand i10 1.2 Kappa Asta,Hyundai,2017,475000,42000,Petrol
Hyundai Grand i10 CRDi Sportz,Hyundai,2015,325000,100000,Diesel
Honda City i VTEC V,Honda,2016,639000,28205,Petrol
Maruti Celerio VXI AT,Maruti,2017,415000,32670,Petrol
Hyundai Creta 1.6 CRDi AT SX Plus,Hyundai,2016,1199000,30093,Diesel
Maruti Ertiga VXI CNG,Maruti,2013,525000,56228,CNG
Hyundai Verna 1.6 SX VTVT,Hyundai,2013,425000,59319,Petrol
Maruti Vitara Brezza VDi,Maruti,2016,699000,39503,Diesel
Hyundai Grand i10 1.2 Kappa Sportz Dual Tone,Hyundai,2013,325000,35299,Petrol
Toyota Etios V,Toyota,2011,275000,51687,Petrol
Volkswagen Vento Petrol Highline AT,Volkswagen,2011,269000,76259,Petrol
Volkswagen Polo Diesel Highline 1.2L,Volkswagen,2013,399000,44049,Diesel
Mahindra KUV 100 mFALCON D75 K8,Mahindra,2017,475000,45087,Diesel
Toyota Etios V,Toyota,2011,249000,41125,Petrol
Audi A4 New  2.0 TDI Multitronic,Audi,2014,1549000,42215,Diesel
Volkswagen Polo Petrol Highline 1.2L,Volkswagen,2011,254999,54206,Petrol
Skoda Rapid 1.6 MPI Active,Skoda,2012,269000,52547,Petrol
Maruti Ertiga ZDI,Maruti,2014,665000,59110,Diesel
Maruti Wagon R Stingray LXI,Maruti,2014,299000,54565,Petrol
Hyundai i20 Asta,Hyundai,2010,265000,47564,Petrol
Volkswagen Polo Petrol Highline 1.2L,Volkswagen,2010,211000,45143,Petrol
Skoda Superb 1.8 TSI,Skoda,2013,599000,61624,Petrol
Tata Indigo LS,Tata,2007,55000,195000,Diesel
Hyundai Verna 1.6 SX CRDi (O),Hyundai,2014,550000,50000,Diesel
Land Rover Discovery Sport TD4 HSE 7S,Land,2018,4000000,68000,Diesel
Tata Sumo GX TC 8 Str,Tata,2010,220000,120000,Diesel
Maruti Swift VXI,Maruti,2019,500000,20000,Petrol
Maruti Alto LXi,Maruti,2010,140000,30000,Petrol
Maruti Swift VDI,Maruti,2013,325000,60000,Diesel
Hyundai i20 Magna,Hyundai,2010,210000,90000,Petrol
Maruti Alto LXi,Maruti,2008,110000,90000,Petrol
Hyundai Verna CRDi 1.6 SX Option,Hyundai,2019,1200000,25000,Diesel
Maruti Alto 800 VXI,Maruti,2017,229999,40000,Petrol
Maruti SX4 Vxi BSIV,Maruti,2012,225000,110000,Petrol
Maruti Alto 800 LXI,Maruti,2006,165000,132000,Petrol
Tata Tiago XZA AMT,Tata,2018,525000,10980,Petrol
Hyundai EON Era Plus,Hyundai,2018,325000,20629,Petrol
Toyota Innova Crysta 2.4 VX MT BSIV,Toyota,2018,1500000,50000,Diesel
Hyundai Grand i10 AT Asta,Hyundai,2015,400000,30000,Petrol
Maruti Ciaz VXi,Maruti,2015,550000,69782,Petrol
Maruti 800 Std,Maruti,2003,98000,54000,Petrol
Mahindra XUV500 W8 4WD,Mahindra,2013,900000,63654,Diesel
Renault Lodgy 85PS RxL,Renault,2017,700000,60000,Diesel
Mahindra Scorpio S6 Plus 7 Seater,Mahindra,2015,890000,52000,Diesel
Maruti Swift LDI BSIV,Maruti,2015,490000,59385,Diesel
Hyundai i20 2015-2017 Magna 1.2,Hyundai,2015,525000,70378,Petrol
Maruti Wagon R LXI BS IV,Maruti,2013,330000,55425,Petrol
Mahindra Bolero 2011-2019 SLX 2WD BSIII,Mahindra,2013,550000,78413,Diesel
Mahindra Bolero Power Plus SLX,Mahindra,2018,790000,40890,Diesel
Honda Brio S MT,Honda,2015,350000,34823,Petrol
Toyota Innova Crysta 2.8 ZX AT BSIV,Toyota,2017,1700000,75000,Diesel
Maruti Ciaz VDI SHVS,Maruti,2017,750000,55545,Diesel
Honda Amaze EX i-Dtech,Honda,2014,409999,56541,Diesel
Hyundai EON Magna Plus,Hyundai,2016,220000,43700,Petrol
Tata Indica GLS BS IV,Tata,2009,68000,120000,Petrol
Hyundai EON Era Plus,Hyundai,2017,290000,20000,Petrol
Honda City i DTec SV,Honda,2014,600000,27483,Diesel
Maruti Swift LXI,Maruti,2019,470000,8000,Petrol
Hyundai i10 Sportz 1.2,Hyundai,2008,150000,30000,Petrol
Maruti Alto 800 LXI,Maruti,2014,180000,56207,Petrol
Maruti Zen LXI,Maruti,2006,80000,70000,Petrol
Honda WR-V i-VTEC VX,Honda,2018,875000,1440,Petrol
Maruti Alto 800 LXI,Maruti,2019,300000,50000,Petrol
Toyota Fortuner 2.8 2WD AT BSIV,Toyota,2017,2800000,20000,Diesel
Toyota Innova Crysta 2.4 ZX MT,Toyota,2017,1330000,91195,Diesel
Volkswagen Polo 1.5 TDI Trendline,Volkswagen,2011,220000,63657,Diesel
Mahindra Verito Vibe 1.5 dCi D4,Mahindra,2013,250000,60000,Diesel
Toyota Innova 2.5 G (Diesel) 7 Seater,Toyota,2016,919999,75000,Diesel
Volkswagen Vento Magnific 1.6 Highline,Volkswagen,2013,380000,97248,Petrol
Maruti Swift VDI,Maruti,2012,450000,46000,Diesel
Hyundai Verna 1.6 VTVT AT S Option,Hyundai,2016,770000,10000,Petrol
Maruti Swift Dzire LDI,Maruti,2018,550000,80000,Diesel
Tata New Safari DICOR 2.2 GX 4x2,Tata,2011,320000,100000,Diesel
Maruti SX4 Vxi BSIV,Maruti,2013,400000,35000,Petrol
Maruti Celerio VXI AT,Maruti,2017,450000,50000,Petrol
Maruti SX4 ZDI,Maruti,2011,220000,90000,Diesel
Mahindra XUV500 W8 2WD,Mahindra,2012,400000,150000,Diesel
Hyundai Verna 1.6 SX VTVT (O),Hyundai,2013,530000,89000,Petrol
Maruti Swift Dzire VDI,Maruti,2014,390000,60000,Diesel
Fiat Grande Punto 1.3 Dynamic (Diesel),Fiat,2012,185000,100000,Diesel
Maruti SX4 Vxi BSIV,Maruti,2012,300000,100000,Petrol
Maruti Swift VDI BSIV,Maruti,2014,575000,90000,Diesel
Maruti Wagon R Stingray VXI,Maruti,2014,300000,75000,Petrol
Toyota Etios Liva 1.4 VD,Toyota,2017,425000,36000,Diesel
Hyundai Xcent 1.2 Kappa SX,Hyundai,2016,350000,12000,Petrol
Honda Amaze VX O iDTEC,Honda,2017,550000,12997,Diesel
Maruti Ciaz 1.4 AT Zeta,Maruti,2017,500000,40000,Petrol
Mahindra Scorpio S4 4WD,Mahindra,2015,600000,60000,Diesel
Mahindra Quanto C8,Mahindra,2013,300000,25000,Diesel
Hyundai Verna CRDi 1.6 SX Option,Hyundai,2018,1150000,26430,Diesel
Maruti Swift 1.3 VXI ABS,Maruti,2015,475000,24600,Petrol
Maruti Wagon R LXI,Maruti,2011,260000,28481,Petrol
Ford Ecosport 1.0 Ecoboost Titanium Optional,Ford,2013,350000,100000,Petrol
Mahindra XUV500 W8 2WD,Mahindra,2013,750000,41988,Diesel
Maruti Wagon R LXI,Maruti,2009,180000,30375,Petrol
Renault KWID Climber 1.0 AMT BSIV,Renault,2017,350000,7658,Petrol
Maruti Swift Dzire VDI,Maruti,2017,611000,34400,Diesel
Renault KWID RXL BSIV,Renault,2017,325000,18500,Petrol
Hyundai EON 1.0 Era Plus,Hyundai,2012,225000,48000,Petrol
Maruti Wagon R AMT VXI,Maruti,2014,300000,28942,Petrol
Mahindra Bolero Power Plus SLX,Mahindra,2017,400000,50000,Diesel
Mahindra XUV500 W8 2WD,Mahindra,2012,711000,53600,Diesel
Toyota Innova 2.5 G (Diesel) 8 Seater,Toyota,2015,851000,53652,Diesel
Maruti Ertiga VXI,Maruti,2014,500000,25000,Petrol
Toyota Innova 2.5 G4 Diesel 8-seater,Toyota,2007,250000,80000,Diesel
Maruti Alto 800 VXI,Maruti,2017,150000,50000,Petrol
Mahindra Scorpio 1.99 S10,Mahindra,2016,610000,15000,Diesel
Mahindra KUV 100 G80 K2,Mahindra,2018,450000,5000,Petrol
Hyundai i20 1.4 Asta Option,Hyundai,2017,744000,106000,Diesel
Chevrolet Spark 1.0,Chevrolet,2008,120000,100000,Petrol
Renault KWID RXL,Renault,2016,220000,60000,Petrol
Maruti Ertiga ZDI,Maruti,2012,480000,120000,Diesel
Maruti Celerio ZXI Optional AMT BSIV,Maruti,2017,370000,82000,Petrol
Fiat Palio D 1.9 EL PS,Fiat,2003,55000,35000,Diesel
Hyundai EON Magna Plus,Hyundai,2013,125000,205000,Petrol
Hyundai Verna 1.6 CRDI,Hyundai,2011,260000,125000,Diesel
Fiat Linea Classic 1.3 Multijet,Fiat,2015,350000,130000,Diesel
Maruti Alto 800 CNG LXI,Maruti,2012,170000,97000,CNG
Hyundai Grand i10 Sportz,Hyundai,2015,350000,90000,Petrol
Maruti Swift Dzire VXi,Maruti,2009,250000,60000,Petrol
Tata Indigo CR4,Tata,2013,170000,60000,Diesel
Mahindra Scorpio S11 BSIV,Mahindra,2018,1300000,35000,Diesel
Hyundai Grand i10 1.2 Kappa Sportz BSIV,Hyundai,2019,550000,25000,Petrol
Honda Brio 1.2 S MT,Honda,2017,400000,15000,Petrol
Tata Nano Lx,Tata,2011,120000,20000,Petrol
Tata Nano Lx,Tata,2011,120000,20000,Petrol
Ford Figo Petrol Titanium,Ford,2010,275000,70000,Petrol
Tata Zest Revotron 1.2T XE,Tata,2016,285000,90000,Petrol
Hyundai Creta 1.4 CRDi Base,Hyundai,2016,900000,80000,Diesel
Mercedes-Benz M-Class ML 350 CDI,Mercedes-Benz,2014,2500000,79500,Diesel
Hyundai Verna 1.6 SX CRDi (O),Hyundai,2013,620000,70000,Diesel
Toyota Innova Crysta 2.4 GX MT 8S BSIV,Toyota,2018,1700000,5000,Diesel
Ford Figo Aspire 1.2 Ti-VCT Titanium Plus,Ford,2018,650000,15000,Petrol
Maruti Ertiga VXI,Maruti,2014,500000,35000,Petrol
Tata New Safari DICOR 2.2 EX 4x4,Tata,2009,250000,120000,Diesel
Mahindra Marazzo M4,Mahindra,2018,950000,15000,Diesel
Toyota Etios Cross 1.2L G,Toyota,2015,320000,60000,Petrol
Renault Duster 110PS Diesel RxZ,Renault,2013,450000,120000,Diesel
Mahindra KUV 100 mFALCON D75 K8 AW,Mahindra,2016,350000,90000,Diesel
Maruti Swift Dzire VXI,Maruti,2015,400000,90000,Petrol
Maruti Omni MPI STD BSIV,Maruti,2018,200000,10000,Petrol
Hyundai i20 Asta 1.4 CRDi (Diesel),Hyundai,2009,250000,72000,Diesel
Toyota Innova 2.0 GX 8 STR BSIV,Toyota,2011,550000,197000,Petrol
Maruti Zen LXI,Maruti,1999,85000,70000,Petrol
Hyundai Santro LP zipPlus,Hyundai,2001,52000,50000,Petrol
Tata Hexa XTA,Tata,2017,1200000,50000,Diesel
Hyundai Verna 1.6 SX VTVT AT,Hyundai,2011,450000,60000,Petrol
Maruti Swift Dzire VXI 1.2 BS IV,Maruti,2018,615000,40000,Petrol
Maruti SX4 ZDI Leather,Maruti,2012,400000,60000,Diesel
Tata Nano LX,Tata,2013,60000,40000,Petrol
Maruti Ignis 1.2 Alpha BSIV,Maruti,2017,500000,9161,Petrol
Honda Mobilio V i VTEC,Honda,2015,600000,45000,Petrol
Hyundai Getz 1.3 GVS,Hyundai,2010,110000,110000,Petrol
Hyundai Santro Xing GL Plus,Hyundai,2013,175000,80000,Petrol
Ford Fiesta Titanium 1.5 TDCi,Ford,2011,325000,100000,Diesel
Maruti Swift Dzire LDI,Maruti,2017,425000,90000,Diesel
Hyundai Accent GLE CNG,Hyundai,2009,160000,70000,CNG
Maruti Zen Estilo LXI BSIII,Maruti,2007,100000,80000,Petrol
Maruti Swift Dzire LDI,Maruti,2014,390000,110000,Diesel
Hyundai i20 1.2 Spotz,Hyundai,2017,400000,50000,Petrol
Tata Tigor 1.2 Revotron XM,Tata,2018,509999,5000,Petrol
Hyundai i10 Magna 1.1,Hyundai,2008,150000,90000,Petrol
Hyundai Santro Xing GLS,Hyundai,2009,110000,120000,Petrol
Nissan Sunny Diesel XV,Nissan,2013,450000,80000,Diesel
Hyundai i20 1.2 Spotz,Hyundai,2017,400000,38000,Petrol
Hyundai Santro Xing GLS,Hyundai,2009,140000,120000,Petrol
Tata Indigo CR4,Tata,2011,130000,90000,Diesel
Maruti Alto 800 LXI,Maruti,2017,160000,50000,Petrol
Maruti Alto 800 LXI,Maruti,2016,150000,60000,Petrol
Mahindra XUV500 W8 2WD,Mahindra,2013,500000,100000,Diesel
Tata Nano Std,Tata,2011,40000,19000,Petrol
Chevrolet Tavera LT L1 7 Seats BSIII,Chevrolet,2006,140000,200000,Diesel
Mahindra Verito 1.5 D2 BSIV,Mahindra,2015,227000,70000,Diesel
Maruti Swift VDI,Maruti,2011,285000,50000,Diesel
Maruti Alto LX,Maruti,2012,155000,19077,Petrol
Hyundai EON D Lite,Hyundai,2016,210000,30000,Petrol
Maruti Alto LXi,Maruti,2009,140000,80000,Petrol
Toyota Innova 2.5 GX (Diesel) 7 Seater,Toyota,2015,940000,128000,Diesel
Nissan Terrano XV Premium 110 PS,Nissan,2013,750000,80000,Diesel
Maruti Baleno Alpha 1.3,Maruti,2016,610000,100000,Diesel
Nissan Sunny XV D Premium Leather,Nissan,2015,450000,50000,Diesel
Toyota Etios Liva GD,Toyota,2012,409999,56000,Diesel
Hyundai EON 1.0 Era Plus,Hyundai,2018,100000,21302,Petrol
Renault KWID 1.0 RXT Optional,Renault,2018,300000,10500,Petrol
Mahindra Bolero 2011-2019 SLX,Mahindra,2013,400000,107000,Diesel
Hyundai i10 Sportz 1.2,Hyundai,2010,210000,60000,Petrol
Hyundai Santro Xing XG eRLX Euro III,Hyundai,2006,90000,120000,Petrol
Maruti Wagon R LXI BS IV,Maruti,2010,222000,70000,Petrol
Maruti Alto 800 LXI,Maruti,2015,240000,50000,Petrol
Toyota Etios Liva GD,Toyota,2013,450000,70000,Diesel
Renault Duster 85PS Diesel RxL,Renault,2013,450000,1000,Diesel
Mercedes-Benz C-Class Progressive C 220d,Mercedes-Benz,2018,3800000,10000,Diesel
Audi A4 3.0 TDI Quattro,Audi,2013,1580000,86000,Diesel
BMW X5 xDrive 30d xLine,BMW,2019,4950000,30000,Diesel
Hyundai Creta 1.6 CRDi SX,Hyundai,2016,535000,52600,Diesel
Maruti SX4 Vxi BSIV,Maruti,2012,225000,110000,Petrol
Hyundai Grand i10 1.2 Kappa Magna AT,Hyundai,2017,550000,19890,Petrol
Maruti Swift ZXI BSIV,Maruti,2016,670000,7104,Petrol
Maruti Ertiga VXI,Maruti,2015,625000,11918,Petrol
Hyundai Grand i10 Magna AT,Hyundai,2017,520000,10510,Petrol
Chevrolet Beat LT Option,Chevrolet,2016,239000,41000,Petrol
Toyota Fortuner 4x2 AT,Toyota,2017,2600000,47162,Diesel
Maruti S-Cross Zeta DDiS 200 SH,Maruti,2015,750000,45974,Diesel
Hyundai i10 Magna,Hyundai,2012,229999,49824,Petrol
Audi A6 2.0 TDI Premium Plus,Audi,2013,1300000,58500,Diesel
Hyundai Santro GS,Hyundai,2005,80000,56580,Petrol
Skoda Laura Ambiente 2.0 TDI CR MT,Skoda,2012,385000,52000,Diesel
Hyundai Verna 1.6 VTVT SX,Hyundai,2015,760000,55340,Petrol
Maruti Swift Dzire VDI,Maruti,2017,600000,46507,Diesel
Renault Duster 85PS Diesel RxL,Renault,2013,450000,1000,Diesel
Mercedes-Benz C-Class Progressive C 220d,Mercedes-Benz,2018,3800000,10000,Diesel
Audi A4 3.0 TDI Quattro,Audi,2013,1580000,86000,Diesel
BMW X5 xDrive 30d xLine,BMW,2019,4950000,30000,Diesel
Hyundai Creta 1.6 CRDi SX,Hyundai,2016,535000,52600,Diesel
Maruti SX4 Vxi BSIV,Maruti,2012,225000,110000,Petrol
Hyundai Grand i10 1.2 Kappa Magna AT,Hyundai,2017,550000,19890,Petrol
Maruti Swift ZXI BSIV,Maruti,2016,670000,7104,Petrol
Maruti Ertiga VXI,Maruti,2015,625000,11918,Petrol
Hyundai Grand i10 Magna AT,Hyundai,2017,520000,10510,Petrol
Chevrolet Beat LT Option,Chevrolet,2016,239000,41000,Petrol
Toyota Fortuner 4x2 AT,Toyota,2017,2600000,47162,Diesel
Maruti S-Cross Zeta DDiS 200 SH,Maruti,2015,750000,45974,Diesel
Hyundai i10 Magna,Hyundai,2012,229999,49824,Petrol
Audi A6 2.0 TDI Premium Plus,Audi,2013,1300000,58500,Diesel
Hyundai Santro GS,Hyundai,2005,80000,56580,Petrol
Skoda Laura Ambiente 2.0 TDI CR MT,Skoda,2012,385000,52000,Diesel
Hyundai Verna 1.6 VTVT SX,Hyundai,2015,760000,55340,Petrol
Maruti Swift Dzire VDI,Maruti,2017,600000,46507,Diesel
Volkswagen Jetta 2.0L TDI Highline AT,Volkswagen,2012,735000,55300,Diesel
Tata Indica Vista Quadrajet 90 VX,Tata,2012,285000,74300,Diesel
Honda City VX MT,Honda,2010,350000,48781,Petrol
Volkswagen Jetta 1.9 Highline TDI,Volkswagen,2010,290000,87620,Diesel
Volkswagen Vento 1.5 TDI Highline Plus AT,Volkswagen,2017,890000,40219,Diesel
Honda Jazz VX,Honda,2011,385000,11473,Petrol
Maruti Eeco 5 Seater AC BSIV,Maruti,2017,425000,8352,Petrol
Maruti Wagon R VXI AMT1.2BSIV,Maruti,2017,525000,9745,Petrol
Hyundai Grand i10 Asta,Hyundai,2017,550000,9748,Petrol
Volkswagen Polo 1.0 MPI Trendline,Volkswagen,2012,271000,49000,Petrol
Hyundai Creta 1.6 CRDi SX Option,Hyundai,2018,1490000,20694,Diesel
Hyundai Grand i10 Asta Option,Hyundai,2015,490000,31080,Petrol
Hyundai EON Era Plus,Hyundai,2014,260000,37605,Petrol
Hyundai Xcent 1.1 CRDi SX Option,Hyundai,2014,455000,55850,Diesel
Tata Nano Lx BSIV,Tata,2010,75000,58850,Petrol
Toyota Etios Cross 1.2L G,Toyota,2015,421000,23839,Petrol
Maruti Swift DDiS LDI,Maruti,2016,550000,54000,Diesel
Hyundai i10 Sportz 1.2 AT,Hyundai,2013,330000,38000,Petrol
Volkswagen Vento 1.5 TDI Comfortline,Volkswagen,2012,390000,45454,Diesel
Skoda Rapid 1.5 TDI AT Ambition,Skoda,2015,599000,46957,Diesel
Hyundai Getz GLE,Hyundai,2007,110000,60000,Petrol
Renault KWID RXT Optional,Renault,2016,250000,25000,Petrol
Mahindra Scorpio M2DI,Mahindra,2012,600000,110000,Diesel
Ford Endeavour XLT TDCi 4X2,Ford,2008,280000,190000,Diesel
Audi Q3 35 TDI Quattro Technology,Audi,2018,2700000,25000,Diesel
Mahindra Renault Logan 1.4 GLX Petrol,Mahindra,2008,80000,90000,Petrol
Maruti Alto K10 VXI,Maruti,2019,350000,5000,Petrol
Maruti Swift VDI BSIV,Maruti,2015,475000,60000,Diesel
Audi A5 Sportback,Audi,2020,4700000,1500,Diesel
Maruti Swift Dzire VDI,Maruti,2018,500000,50000,Diesel
Chevrolet Sail Hatchback 1.3 TCDi LT ABS,Chevrolet,2014,250000,120000,Diesel
Hyundai Accent CRDi,Hyundai,2005,100000,120000,Diesel
Maruti Alto K10 VXI Airbag,Maruti,2019,350000,5000,Petrol
BMW 7 Series Signature 730Ld,BMW,2014,4000000,47000,Diesel
Toyota Camry 2.5 Hybrid,Toyota,2017,1900000,20000,Petrol
Hyundai Santro Xing XG,Hyundai,2005,95000,120000,Petrol
Hyundai Grand i10 CRDi Sportz,Hyundai,2015,409999,58000,Diesel
Mahindra XUV500 W5 BSIV,Mahindra,2018,1050000,35000,Diesel
Maruti Alto K10 VXI,Maruti,2017,320000,30000,Petrol
Mahindra XUV300 W8 Option Diesel BSIV,Mahindra,2019,1000000,10000,Diesel
Toyota Innova Crysta 2.4 VX MT BSIV,Toyota,2017,1770000,25000,Diesel
Mahindra Thar CRDe,Mahindra,2018,950000,20000,Diesel
Maruti Swift Dzire ZDI,Maruti,2018,750000,50000,Diesel
Hyundai EON Magna Plus,Hyundai,2014,220000,42000,Petrol
Tata Hexa XM,Tata,2017,1000000,50000,Diesel
Honda Mobilio E i DTEC,Honda,2017,660000,116000,Diesel
Maruti Ertiga ZDI,Maruti,2015,716000,100000,Diesel
Maruti Ciaz ZXi Plus,Maruti,2015,675000,66000,Petrol
Mahindra Scorpio LX,Mahindra,2010,385000,110000,Diesel
Fiat Grande Punto EVO 1.3 Dynamic,Fiat,2014,325000,70000,Diesel
Hyundai Creta 1.6 CRDi SX Option,Hyundai,2015,950000,60000,Diesel
Ford Endeavour Hurricane Limited Edition,Ford,2007,400000,110000,Diesel
Tata Indica Vista TDI LS,Tata,2014,250000,25000,Diesel
Land Rover Discovery S 2.0 SD4,Land,2018,4000000,68000,Petrol
Maruti Alto 800 LXI,Maruti,2014,210000,20000,Petrol
Hyundai i10 Era 1.1 iTech SE,Hyundai,2011,147000,110000,Petrol
Maruti Vitara Brezza VDi Option,Maruti,2018,725000,26350,Diesel
Mahindra Scorpio SLE BSIV,Mahindra,2012,550000,90000,Diesel
Hyundai i20 Sportz Option 1.2,Hyundai,2016,475000,25000,Petrol
Hyundai Santro Xing GLS,Hyundai,2014,250000,50000,Petrol
Tata Indica LSI,Tata,2006,70000,60000,Petrol
Hyundai EON Era Plus,Hyundai,2012,160000,70000,Petrol
Ford Endeavour 3.0L 4X4 AT,Ford,2011,1000000,90000,Diesel
Hyundai Santro LE zipPlus,Hyundai,2001,68000,70000,Petrol
Hyundai Grand i10 1.2 Kappa Asta,Hyundai,2017,500000,26500,Petrol
Tata Indigo CR4,Tata,2013,170000,60000,Diesel
Mahindra Scorpio S11 BSIV,Mahindra,2018,1300000,35000,Diesel
Hyundai Creta 1.4 EX Diesel,Hyundai,2020,1050000,10000,Diesel
Maruti Ritz LXI,Maruti,2009,300000,15000,Petrol
Hyundai i20 Magna 1.2,Hyundai,2016,600000,25000,Petrol
Hyundai Verna CRDi 1.6 SX,Hyundai,2017,900000,50000,Diesel
Hyundai Grand i10 1.2 Kappa Sportz BSIV,Hyundai,2019,550000,25000,Petrol
Maruti Alto LX,Maruti,2007,100000,52000,Petrol
Honda Brio 1.2 S MT,Honda,2017,400000,15000,Petrol
Tata Nano Lx,Tata,2011,120000,20000,Petrol
Hyundai i20 Asta 1.4 CRDi,Hyundai,2013,300000,90000,Diesel
Tata Indigo LX,Tata,2011,140000,60000,Diesel
Skoda Rapid 1.6 MPI Ambition With Alloy Wheel,Skoda,2015,640000,23000,Petrol
Maruti Alto K10 VXI,Maruti,2018,380000,22155,Petrol
Tata Nano Lx,Tata,2011,120000,20000,Petrol
Maruti Ciaz 1.4 Delta,Maruti,2018,650000,70000,Petrol
Maruti Alto LX,Maruti,2009,150000,60000,Petrol
Ford Figo Aspire 1.2 Ti-VCT Trend,Ford,2018,550000,35000,Petrol
Mahindra XUV500 W8 4WD,Mahindra,2012,650000,71042,Diesel
Mitsubishi Pajero Sport 4X4,Mitsubishi,2012,1025000,167870,Diesel
Ford Fiesta 1.5 TDCi Titanium,Ford,2011,195000,133564,Diesel
Mercedes-Benz C-Class Progressive C 220d,Mercedes-Benz,2018,3800000,10000,Diesel
BMW 3 Series 320d Sport,BMW,2013,1490000,40000,Diesel
BMW X5 xDrive 30d xLine,BMW,2019,4950000,30000,Diesel
Honda City i-VTEC CVT ZX,Honda,2018,1140000,23038,Petrol
Chevrolet Beat Diesel LS,Chevrolet,2011,95000,70000,Diesel
BMW 3 Series GT Luxury Line,BMW,2017,3050000,30000,Diesel
Hyundai Grand i10 1.2 Kappa Magna AT,Hyundai,2017,550000,19890,Petrol
Maruti Ertiga VXI,Maruti,2015,625000,11918,Petrol
Hyundai Grand i10 Magna AT,Hyundai,2017,520000,10510,Petrol
Chevrolet Beat LT Option,Chevrolet,2016,239000,41000,Petrol
Toyota Fortuner 4x2 AT,Toyota,2017,2600000,47162,Diesel
Hyundai i10 Magna,Hyundai,2012,229999,49824,Petrol
Audi A6 2.0 TDI Premium Plus,Audi,2013,1300000,58500,Diesel
Maruti Baleno Delta 1.2,Maruti,2017,585000,43608,Petrol
Maruti Baleno Alpha CVT,Maruti,2018,825000,11212,Petrol
Hyundai i20 1.4 Magna Executive,Hyundai,2013,280000,52000,Diesel
Maruti Baleno Zeta,Maruti,2016,725000,49217,Petrol
Mahindra Verito 1.5 D4 BSIV,Mahindra,2015,300000,90000,Diesel
Hyundai Xcent 1.2 Kappa S,Hyundai,2015,375000,70000,Petrol
Honda City VTEC,Honda,2003,310000,90000,Petrol
Maruti Swift Dzire VDi,Maruti,2011,375000,190000,Diesel
Ford Endeavour 3.2 Titanium AT 4X4,Ford,2016,1950000,106000,Diesel
Tata Xenon XT EX 4X2,Tata,2012,400000,80000,Diesel
Nissan Terrano XL Plus 85 PS,Nissan,2014,550000,80000,Diesel
Maruti Eeco 7 Seater Standard BSIV,Maruti,2018,270000,20000,Petrol
Maruti Ertiga ZDI,Maruti,2012,555000,110000,Diesel
Ford Ecosport 1.5 DV5 MT Ambiente,Ford,2013,500000,60000,Diesel
Skoda Laura Elegance 1.9 TDI  AT,Skoda,2010,400000,130000,Diesel
Hyundai EON 1.0 Era Plus,Hyundai,2017,280000,28838,Petrol
Tata Indica GLS BS IV,Tata,2008,80000,200000,Petrol
Tata Indica DLS,Tata,2006,55000,100000,Diesel
Maruti Alto 800 LXI Airbag,Maruti,2014,250000,50000,Petrol
Mahindra Bolero SLX 2WD,Mahindra,2010,250000,190000,Diesel
Mahindra Jeep MM 540,Mahindra,2007,95000,100000,Diesel
Mahindra Scorpio 1.99 S10,Mahindra,2014,725000,135000,Diesel
Mahindra Bolero Power Plus Plus AC BSIV PS,Mahindra,2015,320000,50000,Diesel
Skoda Octavia Elegance 2.0 TDI AT,Skoda,2014,1200000,135000,Diesel
Chevrolet Beat Diesel LS,Chevrolet,2012,160000,50000,Diesel
Honda Jazz 1.5 VX i DTEC,Honda,2018,790000,19571,Diesel
Honda City i-VTEC ZX,Honda,2018,1200000,29600,Petrol
Maruti Swift LXI,Maruti,2011,175000,70000,Petrol
Maruti Vitara Brezza ZDi Plus AMT Dual Tone,Maruti,2018,950000,15000,Diesel
Maruti Celerio LXI MT BSIV,Maruti,2019,340000,50000,Petrol
Renault Captur 1.5 Diesel RXT,Renault,2017,825000,13500,Diesel
Audi A4 30 TFSI Technology,Audi,2018,3100000,22000,Petrol
Honda Amaze VX Diesel BSIV,Honda,2018,780000,25000,Diesel
Toyota Corolla Altis 1.8 VL AT,Toyota,2010,350000,80000,Petrol
Honda Amaze VX Petrol BSIV,Honda,2018,690000,39000,Petrol
Maruti Alto 800 VXI,Maruti,2016,245000,60000,Petrol
Honda Amaze VX Diesel BSIV,Honda,2018,790000,49000,Diesel
Honda Amaze VX i-VTEC,Honda,2018,680000,48600,Petrol
Hyundai Grand i10 Asta Option,Hyundai,2017,540000,20000,Petrol
Mahindra KUV 100 mFALCON G80 K2,Mahindra,2016,425000,25000,Petrol
Maruti Zen Estilo Sports,Maruti,2008,140000,120000,Petrol
Maruti Ertiga ZDI Plus,Maruti,2019,1100000,30000,Diesel
Renault Lodgy 85PS RxL,Renault,2015,715000,35000,Diesel
Audi A4 3.0 TDI Quattro,Audi,2013,1580000,86000,Diesel
Audi Q3 2.0 TDI Quattro Premium Plus,Audi,2015,1750000,127643,Diesel
Tata Zest Revotron 1.2T XMS,Tata,2018,400000,54000,Petrol
Audi A6 2.0 TDI  Design Edition,Audi,2014,1750000,102354,Diesel
Audi Q5 2.0 TFSI Quattro Premium Plus,Audi,2014,1850000,62237,Petrol
Hyundai Santro Xing XL eRLX Euro III,Hyundai,2005,114999,90000,Petrol
Ford EcoSport 1.5 TDCi Titanium BSIV,Ford,2018,950000,21394,Diesel
Datsun GO T Petrol,Datsun,2015,310000,32686,Petrol
Mahindra Jeep CJ 500 DI,Mahindra,2006,575000,1001,Diesel
Renault Pulse RxZ,Renault,2017,490000,22000,Diesel
Hyundai Grand i10 Magna,Hyundai,2017,480000,53261,Petrol
Land Rover Discovery Sport SD4 HSE Luxury,Land,2016,3500000,53000,Diesel
Renault KWID 1.0 RXT Optional,Renault,2018,370000,10000,Petrol
Maruti Baleno Alpha 1.3,Maruti,2017,835000,14000,Diesel
Volkswagen Polo 2015-2019 1.2 MPI Highline,Volkswagen,2017,650000,44000,Petrol
Toyota Etios VD,Toyota,2014,670000,39895,Diesel
Chevrolet Cruze LTZ AT,Chevrolet,2017,950000,73000,Diesel
Honda City i-VTEC SV,Honda,2014,690000,17000,Petrol
Volkswagen Polo 2015-2019 1.2 MPI Highline,Volkswagen,2017,670000,18591,Petrol
Tata Nexon 1.5 Revotorq XZ,Tata,2017,925000,26766,Diesel
Hyundai EON Magna Plus,Hyundai,2015,250000,30000,Petrol
Tata Sumo Gold EX,Tata,2016,509999,42000,Diesel
Honda City i DTEC VX,Honda,2014,520000,110000,Diesel
Tata Indica DLE,Tata,2005,100000,100000,Diesel
Tata Indica DLS,Tata,2006,85000,300000,Diesel
Tata Indigo LX,Tata,2009,130000,110000,Diesel
Ford EcoSport 1.5 TDCi Titanium BSIV,Ford,2018,950000,27620,Diesel
Ford Figo Aspire 1.2 Ti-VCT Titanium Plus,Ford,2015,450000,70000,Petrol
Honda City S,Honda,2012,320000,50000,Petrol
Maruti Swift Dzire VDI,Maruti,2015,480000,50000,Diesel
Mercedes-Benz New C-Class C 220 CDI Grand Edition,Mercedes-Benz,2014,2490000,46000,Diesel
Toyota Innova 2.5 VX 8 STR,Toyota,2012,790000,82000,Diesel
Maruti Omni MPI STD BSIV,Maruti,2016,120000,120000,Petrol
Maruti Alto LXi,Maruti,2006,75000,80000,Petrol
Tata Indica GLS BS IV,Tata,2010,99000,70000,Petrol
Maruti S-Cross Zeta DDiS 200 SH,Maruti,2018,1015000,20000,Diesel
Mahindra Xylo D4 BSIV,Mahindra,2013,250000,200000,Diesel
Toyota Innova Crysta 2.5 VX BS IV,Toyota,2011,520000,120000,Diesel
Hyundai Verna CRDi 1.6 AT SX Option,Hyundai,2018,1100000,30000,Diesel
Toyota Innova 2.5 V Diesel 7-seater,Toyota,2005,200000,223000,Diesel
Maruti Swift Dzire VDI,Maruti,2016,525000,60000,Diesel
Hyundai i20 Asta 1.2,Hyundai,2016,500000,40000,Petrol
Mahindra Scorpio S2 7 Seater,Mahindra,2016,675000,161327,Diesel
Hyundai i10 Magna 1.2 iTech SE,Hyundai,2009,150000,60000,Petrol
Mahindra Bolero DI,Mahindra,2007,250000,50000,Diesel
Hyundai Grand i10 1.2 Kappa Sportz BSIV,Hyundai,2018,450000,6000,Petrol
Hyundai Santro Xing XS,Hyundai,2009,150000,68000,Petrol
Chevrolet Beat Diesel LS,Chevrolet,2012,200000,85000,Diesel
Mahindra Scorpio VLS AT 2.2 mHAWK,Mahindra,2011,525000,70000,Diesel
Maruti Esteem VX,Maruti,1999,60000,35000,Petrol
Maruti Swift Vdi BSIII,Maruti,2010,180000,100000,Diesel
Honda Amaze S i-Dtech,Honda,2015,475000,110000,Diesel
Mahindra Scorpio VLS AT 2.2 mHAWK,Mahindra,2010,380000,195000,Diesel
Maruti Alto 800 LXI,Maruti,2015,285000,46000,Petrol
Maruti Alto LXi BSIII,Maruti,2008,91200,60000,Petrol
Datsun RediGO T Option,Datsun,2017,250000,46000,Petrol
Hyundai Grand i10 CRDi Sportz,Hyundai,2015,400000,42000,Diesel
Hyundai Santro Xing XG AT,Hyundai,2006,160000,90000,Petrol
Skoda Yeti Ambition 4X2,Skoda,2012,650000,85000,Diesel
Hyundai Verna 1.6 SX,Hyundai,2012,409999,120000,Diesel
Ford Ecosport 1.5 DV5 MT Titanium,Ford,2013,425000,72000,Diesel
Maruti Wagon R LXI CNG,Maruti,2013,250000,71000,CNG
Maruti Swift Dzire VXi,Maruti,2009,200000,110000,Petrol
Maruti Wagon R LXI CNG,Maruti,2013,250000,71000,CNG
Volkswagen Polo Diesel Trendline 1.2L,Volkswagen,2010,130000,144000,Diesel
Maruti Eeco 5 Seater AC BSIV,Maruti,2017,260000,30000,Petrol
Hyundai Verna SX,Hyundai,2007,155000,65000,Petrol
Honda Jazz 1.5 VX i DTEC,Honda,2015,450000,38000,Diesel
Maruti SX4 Celebration Petrol,Maruti,2012,220000,90000,Petrol
Hyundai i20 Active S Diesel,Hyundai,2018,650000,37000,Diesel
Maruti Alto 800 LXI,Maruti,2018,285000,30000,Petrol
Honda Amaze V CVT Petrol BSIV,Honda,2018,725000,26000,Petrol
Maruti Ciaz ZXi,Maruti,2016,625000,30000,Petrol
Hyundai i20 Active SX Petrol,Hyundai,2016,550000,23000,Petrol
Hyundai i10 Magna,Hyundai,2012,240000,40000,Petrol
Nissan Terrano XL 85 PS,Nissan,2014,600000,27000,Diesel
Tata New Safari DICOR 2.2 EX 4x2,Tata,2012,350000,65000,Diesel
Hyundai EON Magna Plus,Hyundai,2015,245000,32000,Petrol
Mahindra Bolero B6,Mahindra,2016,600000,56000,Diesel
BMW X1 sDrive 20d xLine,BMW,2017,2400000,30000,Diesel
Mahindra Scorpio SLE BS IV,Mahindra,2014,620000,80000,Diesel
Maruti Swift Dzire 1.2 Vxi BSIV,Maruti,2014,395000,52000,Petrol
Maruti Ertiga ZXI,Maruti,2014,635000,13250,Petrol
Maruti Alto LX,Maruti,2011,180000,36000,Petrol
Maruti Swift ZDI Plus,Maruti,2015,484999,73000,Diesel
Maruti Alto LX,Maruti,2004,110000,60000,Petrol
Maruti Wagon R VXI BSIII,Maruti,2006,150000,60000,Petrol
Chevrolet Tavera Neo 2 LT L 9 Str,Chevrolet,2012,400000,110000,Diesel
Tata Indica Vista Aura Plus 1.3 Quadrajet,Tata,2012,200000,70000,Diesel
Renault Duster 85PS Diesel RxL Plus,Renault,2013,302000,60000,Diesel
Maruti Swift Dzire Vdi BSIV,Maruti,2011,215000,90000,Diesel
Maruti Wagon R VXI BSIII,Maruti,2004,155000,80000,Petrol
Toyota Innova 2.5 G (Diesel) 8 Seater,Toyota,2014,1000000,101000,Diesel
Mahindra Bolero Power Plus SLX,Mahindra,2018,550000,44000,Diesel
Maruti Swift 1.3 VXi,Maruti,2006,200000,45000,Petrol
Mahindra Scorpio S2 7 Seater,Mahindra,2017,750000,120000,Diesel
Maruti Zen LXI,Maruti,2005,90000,90000,Petrol
Maruti Wagon R LXI Minor,Maruti,2007,80000,120000,Petrol
Hyundai EON D Lite Plus,Hyundai,2013,229999,13500,Petrol
Renault KWID 1.0 RXT Optional,Renault,2017,350000,10000,Petrol
Hyundai Grand i10 Magna,Hyundai,2015,325000,25000,Petrol
Tata Tigor 1.2 Revotron XT,Tata,2018,450000,8500,Petrol
Maruti SX4 Celebration Diesel,Maruti,2012,250000,120000,Diesel
Volkswagen Polo Diesel Comfortline 1.2L,Volkswagen,2012,225000,120000,Diesel
Maruti Alto LXi,Maruti,2009,150000,90246,Petrol
Maruti Alto LX BSIII,Maruti,2008,110000,90000,Petrol
Maruti Alto LXi BSIII,Maruti,2010,150000,40000,Petrol
Maruti Gypsy King Hard Top,Maruti,2000,165000,60000,Petrol
Renault Duster 85PS Diesel RxL,Renault,2017,610000,32000,Diesel
Tata Manza Club Class Quadrajet90 VX,Tata,2013,170000,60400,Diesel
Hyundai Verna CRDi,Hyundai,2008,150000,70950,Diesel
Hyundai i20 Asta 1.4 CRDi,Hyundai,2013,300000,90000,Diesel
Hyundai Xcent 1.1 CRDi Base,Hyundai,2015,375000,72000,Diesel
Maruti Swift VDI,Maruti,2013,390000,90000,Diesel
Hyundai i20 Active 1.2 S,Hyundai,2017,600000,10000,Petrol
Maruti Alto 800 LXI,Maruti,2014,204999,25000,Petrol
Hyundai Verna CRDi,Hyundai,2009,270000,80000,Diesel
Hyundai Grand i10 Sportz,Hyundai,2017,375000,10000,Petrol
Maruti Baleno Zeta,Maruti,2020,700000,1100,Petrol
Maruti Swift VXI Deca,Maruti,2017,455000,40000,Petrol
Hyundai i10 Sportz 1.1L,Hyundai,2017,375000,10000,Petrol
Hyundai Grand i10 Asta,Hyundai,2014,341000,31491,Petrol
Maruti Swift Dzire VDI,Maruti,2014,200000,107143,Diesel
Maruti Ignis 1.2 AMT Delta BSIV,Maruti,2017,450000,15000,Petrol
Hyundai Santro Xing GL Plus,Hyundai,2012,170000,50000,Petrol
Toyota Innova Crysta 2.4 VX MT 8S BSIV,Toyota,2017,1900000,100000,Diesel
Mahindra Bolero Power Plus LX,Mahindra,2016,500000,60000,Diesel
Maruti Vitara Brezza ZDi Plus,Maruti,2016,819999,85000,Diesel
Maruti Swift 1.2 DLX,Maruti,2014,351000,40000,Petrol
Hyundai i10 Magna 1.2 iTech SE,Hyundai,2011,195000,80000,Petrol
Maruti Swift Dzire VDi,Maruti,2008,250000,82000,Diesel
Maruti Zen Estilo 1.1 VXI BSIII,Maruti,2008,120000,70000,Petrol
Maruti A-Star Vxi,Maruti,2009,180000,70000,Petrol
Mahindra KUV 100 mFALCON D75 K6,Mahindra,2016,430000,20000,Diesel
Tata Nano Cx BSIV,Tata,2012,75000,35000,Petrol
Mahindra Xylo D4,Mahindra,2017,750000,80000,Diesel
Tata Nano Lx,Tata,2011,60000,40000,Petrol
Toyota Innova 2.5 VX (Diesel) 8 Seater,Toyota,2015,1500000,46412,Diesel
Mahindra Bolero SLX 2WD BSIII,Mahindra,2011,390000,150000,Diesel
Mahindra TUV 300 T4,Mahindra,2016,630000,50000,Diesel
Tata Safari Storme VX Varicor 400,Tata,2018,1085000,15000,Diesel
Hyundai i10 Magna 1.2 iTech SE,Hyundai,2012,190000,60000,Petrol
Maruti Baleno Delta Automatic,Maruti,2018,550000,25000,Petrol
Maruti Alto 800 LXI,Maruti,2012,200000,90000,Petrol
Chevrolet Spark 1.0 LT,Chevrolet,2011,165000,60000,Petrol
Ford Figo Diesel Celebration Edition,Ford,2013,260000,65000,Diesel
Maruti Alto LX,Maruti,2011,151000,40000,Petrol
Maruti Vitara Brezza VDi,Maruti,2018,780000,50000,Diesel
Tata Indica Vista Quadrajet LX,Tata,2012,175000,80000,Diesel
Tata Indica Vista TDI LS,Tata,2010,170000,107500,Diesel
Tata Indica Vista TDI LS,Tata,2013,210000,135000,Diesel
Maruti Alto LXi,Maruti,2007,90000,43826,Petrol
Hyundai i20 Active S Petrol,Hyundai,2016,535000,55838,Petrol
Maruti Swift VDI BSIV,Maruti,2007,195000,112880,Diesel
Tata Indica Vista Terra Quadrajet 1.3L,Tata,2011,140000,90000,Diesel
Nissan Sunny XL,Nissan,2012,350000,40000,Petrol
Hyundai Verna 1.6 SX VTVT (O),Hyundai,2013,425000,66000,Petrol
Renault KWID 1.0 RXT Optional,Renault,2017,300000,30300,Petrol
Volkswagen Vento Diesel Style Limited Edition,Volkswagen,2013,340000,85000,Diesel
Maruti Swift Dzire VXi,Maruti,2009,250000,80659,Petrol
Chevrolet Aveo 1.4 LS,Chevrolet,2008,170000,81324,Petrol
Honda Amaze S i-Dtech,Honda,2013,315000,127884,Diesel
Chevrolet Beat PS,Chevrolet,2015,200000,50000,Petrol
Chevrolet Beat PS,Chevrolet,2016,300000,25000,Petrol
Honda Amaze S i-Dtech,Honda,2015,300000,66755,Diesel
Honda City E,Honda,2013,380000,123084,Petrol
Maruti Swift VXI BSIII,Maruti,2009,250000,806599,Petrol
Honda Amaze S i-Dtech,Honda,2013,310000,95851,Diesel
Maruti Wagon R VXI Minor ABS,Maruti,2010,260000,50000,Petrol
Maruti Omni BSIII 8-STR W/ IMMOBILISER,Maruti,2008,150000,50000,Petrol
Maruti Esteem Vxi - BSIII,Maruti,2006,85000,60000,Petrol
Maruti Alto 800 LXI,Maruti,2015,280000,15000,Petrol
Mahindra Xylo H4 ABS,Mahindra,2016,850000,40000,Diesel
Datsun GO Plus T Option BSIV,Datsun,2017,375000,20000,Petrol
Hyundai Elantra CRDi (Leather Option),Hyundai,2006,125000,120000,Diesel
Chevrolet Beat Diesel LT,Chevrolet,2012,250000,110000,Diesel
Toyota Corolla Altis D-4D J,Toyota,2014,715000,234000,Diesel
Hyundai i20 1.4 CRDi Era,Hyundai,2011,220000,70000,Diesel
Tata Indica Vista Aqua 1.3 Quadrajet,Tata,2010,110000,110000,Diesel
Hyundai Verna XXi (Petrol),Hyundai,2007,150000,84000,Petrol
Nissan Sunny Diesel XV,Nissan,2012,300000,170000,Diesel
Datsun RediGO T Option,Datsun,2017,220000,40000,Petrol
Maruti Wagon R LX,Maruti,2006,75000,96000,Petrol
Tata Indigo LS,Tata,2009,100000,20000,Diesel
Ford Figo Aspire 1.2 Ti-VCT Trend,Ford,2016,380000,15000,Petrol
Hyundai Santro Xing XK (Non-AC),Hyundai,2007,100000,50000,Petrol
Volkswagen Passat 1.8 TSI MT,Volkswagen,2010,480000,80000,Petrol
Toyota Etios GD,Toyota,2012,300000,124000,Diesel
Chevrolet Beat Diesel LS,Chevrolet,2013,190000,70000,Diesel
Ford Figo Diesel LXI,Ford,2012,190000,130000,Diesel
Ford EcoSport 1.5 Ti VCT MT Trend BSIV,Ford,2017,650000,19014,Petrol
Toyota Corolla Executive (HE),Toyota,2009,300000,23262,Petrol
Ford Freestyle Titanium Diesel BSIV,Ford,2016,700000,29600,Diesel
Hyundai i10 Sportz 1.1L,Hyundai,2015,310000,35925,Petrol
Maruti Ignis 1.2 Zeta BSIV,Maruti,2018,500000,12000,Petrol
Toyota Etios V,Toyota,2013,415000,40771,Petrol
Maruti Celerio VXI AT,Maruti,2015,395000,30500,Petrol
Toyota Etios Liva 1.2 G,Toyota,2014,430000,42000,Petrol
Toyota Corolla H6,Toyota,2007,215000,55800,Petrol
Renault Duster RXL AWD,Renault,2014,550000,66569,Diesel
Volkswagen Polo 1.5 TDI Trendline,Volkswagen,2014,415000,81358,Diesel
Volkswagen Polo 1.5 TDI Comfortline,Volkswagen,2015,450000,82695,Diesel
Ford Figo Diesel EXI,Ford,2014,285000,68293,Diesel
Honda Jazz VX CVT,Honda,2016,580000,32000,Petrol
Maruti Swift Dzire Tour LDI,Maruti,2014,300000,190621,Diesel
Hyundai Verna CRDi 1.6 SX Option,Hyundai,2018,1200000,60000,Diesel
Maruti 800 Std MPFi,Maruti,2006,78000,64700,Petrol
Maruti 800 AC,Maruti,2002,65000,100000,Petrol
Tata Zest Quadrajet 1.3 75PS XE,Tata,2016,400000,88470,Diesel
Hyundai Verna 1.6 CRDI SX Option,Hyundai,2016,850000,75000,Diesel
Volkswagen Vento Diesel Highline,Volkswagen,2013,450000,120000,Diesel
Mercedes-Benz E-Class E250 CDI Blue Efficiency,Mercedes-Benz,2012,2500000,35000,Diesel
Toyota Etios 1.4 VXD,Toyota,2017,780000,70000,Diesel
Toyota Fortuner 2.8 2WD AT BSIV,Toyota,2017,3200000,57000,Diesel
Maruti Alto 800 VXI,Maruti,2020,350000,1000,Petrol
Mahindra Quanto C6,Mahindra,2013,285000,120000,Diesel
Volkswagen Vento 1.5 TDI Highline,Volkswagen,2015,525000,98000,Diesel
Maruti Ciaz ZDi,Maruti,2014,550000,90000,Diesel
Volkswagen Ameo 1.5 TDI Comfortline,Volkswagen,2018,580000,70000,Diesel
Tata Nano CX SE,Tata,2013,75000,25000,Petrol
Tata Manza Aura Quadrajet,Tata,2009,185000,60000,Diesel
Maruti Omni E 8 Str STD,Maruti,2007,110000,90000,Petrol
Honda City 1.5 EXI,Honda,2004,180000,200000,Petrol
Volkswagen Polo Diesel Comfortline 1.2L,Volkswagen,2010,350000,110000,Diesel
Chevrolet Optra 1.6 LS,Chevrolet,2005,60000,126000,Petrol
Mahindra TUV 300 T10,Mahindra,2018,695000,70000,Diesel
Mahindra Alturas G4 4X2 AT BSIV,Mahindra,2019,2700000,5000,Diesel
Maruti Zen Estilo LX BSIII,Maruti,2007,135000,74183,Petrol
Mahindra Bolero Power Plus Plus AC BSIV PS,Mahindra,2015,640000,70000,Diesel
Maruti Alto 800 VXI,Maruti,2014,160000,90000,Petrol
Tata Indica LXI,Tata,2004,80000,46000,Petrol
Maruti Swift Dzire VDI,Maruti,2013,340000,110000,Diesel
Maruti Ritz VDi,Maruti,2012,110000,80000,Diesel
Tata Sumo Gold EX,Tata,2013,250000,90000,Diesel
Toyota Innova Crysta 2.4 VX MT BSIV,Toyota,2017,1300000,70000,Diesel
Mahindra Quanto C6,Mahindra,2014,250000,1,Diesel
Toyota Innova 2.5 G (Diesel) 8 Seater BS IV,Toyota,2009,450000,192000,Diesel
Maruti Wagon R LX Minor,Maruti,2013,240000,70000,Petrol
Mahindra Bolero DI DX 7 Seater,Mahindra,2007,225000,120000,Diesel
Maruti Wagon R VXI Optional,Maruti,2015,275000,60000,Petrol
Tata Sumo Victa CX 7/9 Str BSII,Tata,2012,320000,120000,Diesel
Maruti Alto LX BSIII,Maruti,2008,75000,120000,Petrol
Tata Indica GLS BS IV,Tata,2007,85000,50000,Petrol
Tata Indica Vista Aqua TDI BSIII,Tata,2009,90000,120000,Diesel
Maruti Wagon R LXI Minor,Maruti,2007,85000,80000,Petrol
Mahindra Scorpio M2DI,Mahindra,2008,350000,80000,Diesel
Skoda Superb Elegance 2.0 TDI CR AT,Skoda,2009,355000,100000,Diesel
Maruti Swift VXI,Maruti,2020,619000,1500,Petrol
Jeep Compass 2.0 Longitude Option BSIV,Jeep,2018,1700000,50000,Diesel
Tata Indica DL,Tata,2006,55000,100000,Diesel
Ford Fiesta 1.6 ZXi Leather,Ford,2006,95000,83411,Petrol
Volkswagen Vento Diesel Highline,Volkswagen,2011,300000,120000,Diesel
Ford Fiesta 1.6 ZXi Leather,Ford,2006,81000,83411,Petrol
Skoda Superb Elegance 2.0 TDI CR AT,Skoda,2015,1000000,80000,Diesel
Maruti Ertiga VDI,Maruti,2019,925000,50000,Diesel
Mahindra Bolero Power Plus Plus AC BSIV PS,Mahindra,2015,450000,40000,Diesel
Mahindra Scorpio EX,Mahindra,2014,600000,13270,Diesel
Hyundai Santro Xing XL AT eRLX Euro III,Hyundai,2006,85000,100000,Petrol
Mahindra Thar DI 4X4 PS,Mahindra,2016,700000,50000,Diesel
Hyundai Grand i10 1.2 Kappa Magna BSIV,Hyundai,2017,486000,26500,Petrol
Maruti Swift VDI,Maruti,2013,400000,90000,Diesel
Ford Fiesta 1.4 Duratec ZXI,Ford,2008,120000,100000,Petrol
Maruti Alto 800 LXI,Maruti,2018,275000,35000,Petrol
Hyundai i20 Asta Option 1.4 CRDi,Hyundai,2016,580000,57000,Diesel
Maruti Swift Dzire LXI,Maruti,2015,375000,70000,Petrol
Maruti Wagon R VXI BS IV with ABS,Maruti,2015,229999,100000,Petrol
Maruti Alto LX,Maruti,2010,110000,88000,Petrol
Maruti Swift Dzire VDI,Maruti,2017,600000,60000,Diesel
Maruti A-Star Vxi,Maruti,2009,120000,76000,Petrol
Ford Figo Diesel Titanium,Ford,2010,200000,100000,Diesel
Hyundai Verna 1.6 SX CRDi (O),Hyundai,2012,450000,110000,Diesel
Hyundai Verna 1.6 SX CRDi (O),Hyundai,2012,550000,80000,Diesel
Maruti Alto LX,Maruti,2012,220000,80000,Petrol
Maruti 800 EX,Maruti,2001,40000,30000,Petrol
Renault KWID Climber 1.0 AMT,Renault,2017,300000,20000,Petrol
Mahindra Bolero Power Plus SLE,Mahindra,2018,630000,40000,Diesel
Maruti Swift Dzire VDI,Maruti,2017,610000,40000,Diesel
Hyundai Xcent 1.2 VTVT S,Hyundai,2019,660000,7000,Petrol
Maruti Wagon R LXI LPG BSIV,Maruti,2012,220000,80000,LPG
Nissan Micra Diesel XV Premium,Nissan,2011,138000,90000,Diesel
Nissan Micra Diesel XV Premium,Nissan,2013,210000,13770,Diesel
Maruti Zen LXi - BS III,Maruti,2005,125000,34000,Petrol
Maruti Alto LXi BSIII,Maruti,2008,125000,102000,Petrol
Honda City i DTEC SV,Honda,2014,725000,110000,Diesel
Maruti Alto K10 2010-2014 VXI,Maruti,2011,170000,90000,Petrol
Toyota Innova 2.5 VX (Diesel) 7 Seater,Toyota,2015,1200000,70000,Diesel
Maruti Wagon R VXI BSIII,Maruti,2003,70000,90000,Petrol
Maruti Alto LXi,Maruti,2007,100000,70000,Petrol
Honda Civic 1.8 (E) MT,Honda,2006,300000,80000,Petrol
Maruti Swift VDI,Maruti,2013,450000,100000,Diesel
Maruti Swift Dzire VDI,Maruti,2015,530000,100000,Diesel
Maruti Zen Estilo 1.1 LXI BSIII,Maruti,2007,100000,143000,Petrol
Honda City 1.5 V MT,Honda,2010,350000,115000,Petrol
Tata Manza ELAN Quadrajet BS IV,Tata,2011,165000,100000,Diesel
Maruti Swift Dzire ZDI,Maruti,2019,475000,120000,Diesel
Mahindra Xylo E4 ABS BS IV,Mahindra,2013,350000,42000,Diesel
Renault KWID RXL,Renault,2016,229999,38000,Petrol
Honda WR-V i-DTEC VX,Honda,2018,800000,35000,Diesel
Maruti Swift Dzire ZDI,Maruti,2014,475000,120000,Diesel
Nissan Terrano XL 110 PS,Nissan,2014,425000,136906,Diesel
Maruti Ciaz VDi Plus,Maruti,2015,660000,97000,Diesel
Honda Amaze S CVT Petrol,Honda,2019,610000,10000,Petrol
Honda Brio S MT,Honda,2013,240000,50000,Petrol
Maruti Esteem Lxi,Maruti,2005,70000,60000,Petrol
Toyota Corolla Altis Diesel D4DGL,Toyota,2011,550000,120000,Diesel
Tata Indica Vista Aura 1.2 Safire,Tata,2010,100000,120000,Petrol
Mahindra Bolero SLE,Mahindra,2010,350000,90000,Diesel
Hyundai EON Era Plus,Hyundai,2013,200000,120000,Petrol
Hyundai Elite i20 Asta Option CVT BSIV,Hyundai,2019,720000,3000,Petrol
Maruti Ritz VDi,Maruti,2014,350000,133000,Diesel
Maruti Wagon R VXI BS IV,Maruti,2016,400000,25000,Petrol
Hyundai i20 Active 1.2 S,Hyundai,2017,570000,35000,Petrol
Maruti Omni MPI STD BSIV,Maruti,2015,130000,70000,Petrol
Maruti Alto 800 LXI,Maruti,2016,210000,52000,Petrol
Hyundai Creta 1.4 E Plus,Hyundai,2018,800000,52000,Diesel
Honda Jazz 1.5 E i DTEC,Honda,2017,700000,39000,Diesel
Tata Indica Vista Quadrajet VX,Tata,2011,200000,28689,Diesel
Tata Aria Pure LX 4x2,Tata,2014,495000,90000,Diesel
Ford Fiesta Classic 1.4 Duratorq CLXI,Ford,2014,325000,80322,Diesel
Ford Freestyle Trend Petrol BSIV,Ford,2019,650000,8000,Petrol
Mahindra Jeep MM 775 XDB,Mahindra,2000,155000,50000,Diesel
Maruti 800 AC BSIII,Maruti,2007,75000,90000,Petrol
Hyundai Grand i10 1.2 CRDi Magna,Hyundai,2015,350000,61658,Diesel
Maruti Zen Estilo LX BSIV,Maruti,2010,90000,50000,Petrol
Maruti Ertiga SHVS VDI,Maruti,2016,600000,80000,Diesel
Mahindra Scorpio SLE BSIII,Mahindra,2010,400000,185000,Diesel
Maruti Swift VDI BSIV,Maruti,2014,370000,57000,Diesel
Maruti 800 DX,Maruti,2000,50000,60000,Petrol
Honda City 1.5 GXI,Honda,2004,125000,120000,Petrol
Honda CR-V Diesel 4WD,Honda,2018,1800000,26000,Diesel
Hyundai Grand i10 1.2 Kappa Magna AT,Hyundai,2019,650000,20000,Petrol
Maruti Ertiga BSIV VXI AT,Maruti,2017,800000,30600,Petrol
Volkswagen Polo 1.0 TSI Highline Plus,Volkswagen,2020,802000,5000,Petrol
Audi A4 35 TDI Premium,Audi,2015,2300000,35000,Diesel
Hyundai Xcent 1.1 CRDi SX,Hyundai,2016,430000,35000,Diesel
Hyundai Verna 1.6 SX VTVT,Hyundai,2017,650000,23000,Petrol
Mahindra Scorpio 2.6 SLX Turbo 7 Seater,Mahindra,2004,170000,120000,Diesel
Skoda Superb Elegance 2.0 TDI CR AT,Skoda,2011,450000,235000,Diesel
Maruti Alto 800 LXI,Maruti,2013,250000,87000,Petrol
Ford Ecosport 1.0 Ecoboost Titanium,Ford,2014,550000,72000,Petrol
Jaguar XF 3.0 Litre S Premium Luxury,Jaguar,2013,2000000,64000,Diesel
Maruti Zen Estilo VXI BSIII,Maruti,2007,140000,100000,Petrol
Chevrolet Beat LT,Chevrolet,2012,155000,12000,Petrol
Hyundai Accent Executive,Hyundai,2010,120000,67000,Petrol
Toyota Innova 2.5 E 8 STR,Toyota,2012,287000,70000,Diesel
Maruti Baleno Alpha 1.3,Maruti,2016,675000,60000,Diesel
Hyundai i10 Magna 1.2 iTech SE,Hyundai,2011,235000,74500,Petrol
Hyundai i20 1.4 CRDi Asta,Hyundai,2011,300000,118700,Diesel
Nissan Micra XL CVT,Nissan,2015,434999,40000,Petrol
Mahindra Scorpio VLX AT 2WD BSIII,Mahindra,2004,225000,223660,Diesel
Toyota Corolla AE,Toyota,2006,160000,140000,Petrol
Hyundai Grand i10 Nios Sportz,Hyundai,2020,600000,5000,Petrol
Chevrolet Tavera Neo 3 LT 9 Seats BSIII,Chevrolet,2016,470000,100000,Diesel
Maruti Swift Dzire VXi,Maruti,2011,300000,100000,Petrol
Maruti Baleno Delta 1.2,Maruti,2018,600000,2000,Petrol
Hyundai Grand i10 Nios AMT Magna,Hyundai,2020,640000,4000,Petrol
Tata Indica DLS,Tata,2006,50000,120000,Diesel
Hyundai Verna 1.6 VTVT S,Hyundai,2015,600000,35000,Petrol
Hyundai i10 Magna LPG,Hyundai,2014,290000,29000,LPG
Hyundai Verna 1.6 VTVT S,Hyundai,2015,600000,30000,Petrol
Tata Manza Aqua Quadrajet BS IV,Tata,2012,190000,120000,Diesel
Hyundai i10 Era 1.1,Hyundai,2008,160000,110000,Petrol
Maruti Alto K10 VXI,Maruti,2017,325000,15000,Petrol
Mahindra Bolero DI,Mahindra,2006,200000,73756,Diesel
Toyota Fortuner 2.8 2WD AT BSIV,Toyota,2018,2800000,40000,Diesel
Chevrolet Spark 1.0 LS,Chevrolet,2011,125000,60000,Petrol
Hyundai i10 Magna 1.1,Hyundai,2008,155000,60000,Petrol
Hyundai i20 Asta 1.4 CRDi,Hyundai,2015,550000,90000,Diesel
Maruti Wagon R LX BSIII,Maruti,2009,130000,70000,Petrol
Maruti 800 AC,Maruti,2002,80000,70000,Petrol
Toyota Etios Cross 1.4L GD,Toyota,2015,500000,80000,Diesel
Renault KWID RXT BSIV,Renault,2019,250000,27000,Petrol
Mahindra XUV500 W8 2WD,Mahindra,2012,580000,70000,Diesel
Daewoo Matiz SD,Daewoo,2002,60000,50000,Petrol
Toyota Etios GD,Toyota,2012,300000,185000,Diesel
Ford Figo Diesel Titanium,Ford,2014,200000,90000,Diesel
Tata Hexa XT,Tata,2017,1200000,16400,Diesel
Toyota Etios Cross 1.4L GD,Toyota,2015,350000,80000,Diesel
Mahindra XUV500 W8 4WD,Mahindra,2012,600000,80000,Diesel
Honda Jazz V,Honda,2019,650000,4000,Petrol
Maruti A-Star Lxi,Maruti,2008,120000,40000,Petrol
Tata New Safari DICOR 2.2 EX 4x2,Tata,2010,180000,120000,Diesel
Hyundai Verna VTVT 1.6 AT SX Option,Hyundai,2018,950000,41395,Petrol
Tata Manza Aura Quadrajet BS IV,Tata,2012,250999,35000,Diesel
Skoda Laura Ambiente 2.0 TDI CR MT,Skoda,2012,385000,52000,Diesel
Audi A8 L 3.0 TDI quattro,Audi,2009,1250000,47000,Diesel
Chevrolet Beat LT,Chevrolet,2013,165000,50000,Petrol
Hyundai Elantra SX,Hyundai,2015,700000,48000,Petrol
Mahindra XUV500 W8 4WD,Mahindra,2015,750000,53000,Diesel
Mahindra Renault Logan 1.5 DLS,Mahindra,2008,89999,213000,Diesel
Datsun redi-GO AMT 1.0 T Option,Datsun,2018,290000,15000,Petrol
Tata Nano Cx BSIII,Tata,2014,45000,7000,Petrol
Skoda Superb Ambition 2.0 TDI CR AT,Skoda,2013,675000,88000,Diesel
Nissan Terrano XL Plus 85 PS,Nissan,2015,530000,55000,Diesel
BMW X1 sDrive20d M Sport,BMW,2014,1485000,48000,Diesel
Chevrolet Enjoy TCDi LT 7 Seater,Chevrolet,2014,325000,71014,Diesel
Honda Amaze S Diesel,Honda,2015,400000,60000,Diesel
Mahindra KUV 100 D75 K6 Plus,Mahindra,2017,380000,71000,Diesel
Honda City i-VTEC CVT VX,Honda,2016,750000,45000,Petrol
Honda Brio VX,Honda,2017,390000,45000,Petrol
Maruti Alto LXi,Maruti,2009,110000,20000,Petrol
MG Hector Sharp Diesel MT BSIV,MG,2019,1825000,14000,Diesel
Audi A4 35 TDI Premium Plus,Audi,2019,3256000,17000,Diesel
Renault Scala Diesel RxL,Renault,2015,370000,60000,Diesel
Chevrolet Beat Diesel LT,Chevrolet,2013,210000,80000,Diesel
Skoda Laura Ambiente 1.9 PD,Skoda,2007,175000,181000,Diesel
Hyundai Verna 1.6 SX CRDi (O),Hyundai,2012,575000,89550,Diesel
Mahindra Xylo D4,Mahindra,2010,320000,90000,Diesel
Maruti Swift Ldi BSIV,Maruti,2010,280000,149500,Diesel
Renault Duster 85PS Diesel RxL Optional,Renault,2013,500000,190000,Diesel
Ford Fiesta Diesel Style,Ford,2013,380000,83000,Diesel
Maruti 800 AC BSIII,Maruti,2005,120000,20000,Petrol
Maruti Eeco 5 Seater AC BSIV,Maruti,2018,395000,20000,Petrol
Skoda Laura 1.9 TDI MT Ambiente,Skoda,2010,360000,160000,Diesel
Nissan Terrano XL Plus 85 PS,Nissan,2015,451000,100000,Diesel
Chevrolet Spark 1.0 LS,Chevrolet,2010,175000,45000,Petrol
Chevrolet Spark 1.0 LS,Chevrolet,2009,170000,44800,Petrol
Hyundai Santro Xing XL eRLX Euro III,Hyundai,2006,100000,40000,Petrol
Maruti Omni MPI STD BSIV,Maruti,2014,150000,120000,Petrol
Tata Indica Vista Quadrajet LX,Tata,2011,149000,10000,Diesel
Tata Indica Vista Aqua 1.3 Quadrajet,Tata,2011,160000,80000,Diesel
Datsun GO Plus T Option Petrol,Datsun,2018,434999,10000,Petrol
